0.0, 148.82884734607813
0.001, 149.5315392102205
0.002, 149.84761237287918
0.003, 150.16246408260483
0.004, 150.47759475266088
0.005, 150.7956690639241
0.006, 151.11137489524447
0.007, 151.42736488591027
0.008, 151.74363881998852
0.009000000000000001, 152.0601964777792
0.01, 152.3770376383303
0.011, 152.69416208249797
0.012, 153.01156959003865
0.013000000000000001, 153.32925993707696
0.014, 153.64723290247244
0.015, 153.96548826647378
0.016, 154.2840257976821
0.017, 154.60284527876345
0.018000000000000002, 154.92194648158025
0.019, 155.24132917901133
0.02, 155.56099314763546
0.021, 155.88093815539872
0.022, 156.2011639783906
0.023, 156.52167038842643
0.024, 156.84245715144735
0.025, 157.16352404108733
0.026000000000000002, 157.4848708271507
0.027, 157.8064972735011
0.028, 158.12840315159696
0.029, 158.45058822683862
0.03, 158.773052269173
0.031, 159.0957950390265
0.032, 159.41881630633685
0.033, 159.7421158314843
0.034, 160.06569337796017
0.035, 160.38954871155406
0.036000000000000004, 160.71368159244722
0.037, 161.0380917803103
0.038, 161.36277904311316
0.039, 161.68774313222872
0.04, 162.01298381169875
0.041, 162.3385008375681
0.042, 162.6642939693445
0.043000000000000003, 162.99036296500748
0.044, 163.31670758263687
0.045, 163.64332757513264
0.046, 163.9702226964298
0.047, 164.2973927046166
0.048, 164.62483734941634
0.049, 164.95255638958406
0.05, 165.28054957340913
0.051000000000000004, 165.60881665056633
0.052000000000000005, 165.93735737898524
0.053, 166.26617150401142
0.054, 166.59525877317276
0.055, 166.92461894264875
0.056, 167.25425175228247
0.057, 167.58415695752066
0.058, 167.91433429935836
0.059000000000000004, 168.24478352569088
0.06, 168.57550438274126
0.061, 168.90649661659168
0.062, 169.2377599685031
0.063, 169.56929418099338
0.064, 169.9010990004247
0.065, 170.23317416981754
0.066, 170.5655194227936
0.067, 170.89813450997116
0.068, 171.23101916297276
0.069, 171.56417312305214
0.07, 171.89759613474288
0.07100000000000001, 172.23128792907983
0.07200000000000001, 172.56524824358297
0.073, 172.89947681918966
0.074, 173.2339733867337
0.075, 173.56873768560908
0.076, 173.9037694480606
0.077, 174.2390684093816
0.078, 174.57463430004012
0.079, 174.91046685451536
0.08, 175.24656580194264
0.081, 175.58293087801187
0.082, 175.91956181043142
0.083, 176.2564583275432
0.084, 176.59362015961318
0.085, 176.9310470353001
0.08600000000000001, 177.26873868101717
0.08700000000000001, 177.60669482493688
0.088, 177.9449151938637
0.089, 178.28339951137326
0.09, 178.62214750151335
0.091, 178.96115889198856
0.092, 179.3004334046862
0.093, 179.6399707630958
0.094, 179.97977068803107
0.095, 180.31983290180094
0.096, 180.66015712422652
0.097, 181.00074307882548
0.098, 181.34159048022505
0.099, 181.6826990512082
0.1, 182.02406850550864
0.101, 182.36569856526978
0.10200000000000001, 182.70758894395752
0.10300000000000001, 183.0497393600459
0.10400000000000001, 183.39214952638875
0.105, 183.73481916024687
0.106, 184.07774797489753
0.107, 184.42093568278804
0.108, 184.764381995798
0.109, 185.10808662844087
0.11, 185.45204929141428
0.111, 185.7962696959859
0.112, 186.14074754828323
0.113, 186.4854825636261
0.114, 186.83047444439003
0.115, 187.17572290424752
0.116, 187.52122764694738
0.117, 187.86698838237012
0.11800000000000001, 188.21300481275713
0.11900000000000001, 188.55927664392408
0.12, 188.90580358252322
0.121, 189.2525853328574
0.122, 189.59962159703022
0.123, 189.94691207598746
0.124, 190.29445647541274
0.125, 190.64225449244626
0.126, 190.99030583156807
0.127, 191.338610191933
0.128, 191.68716727020438
0.129, 192.03597676931136
0.13, 192.38503838294534
0.131, 192.73435181257915
0.132, 193.08391675014886
0.133, 193.43373289579773
0.134, 193.7837999431869
0.135, 194.13411758836773
0.136, 194.4846855236938
0.137, 194.8355034437543
0.138, 195.1865710393068
0.139, 195.53788800150946
0.14, 195.8894540279656
0.14100000000000001, 196.2412688022182
0.14200000000000002, 196.59333201881168
0.14300000000000002, 196.94564336765455
0.14400000000000002, 197.29820253358147
0.145, 197.65100920624252
0.146, 198.00406307395363
0.147, 198.35736382374705
0.148, 198.71091113940645
0.149, 199.06470471164872
0.15, 199.41874421847052
0.151, 199.77302934874487
0.152, 200.12755978639254
0.153, 200.482335209843
0.154, 200.83735530338055
0.155, 201.19261975185265
0.156, 201.5481282322689
0.157, 201.90388042575754
0.158, 202.25987601374666
0.159, 202.61611467260036
0.16, 202.97259608040127
0.161, 203.3293199177345
0.162, 203.6862858608402
0.163, 204.04349358390462
0.164, 204.40094276164797
0.165, 204.7586330757479
0.166, 205.11656419317828
0.167, 205.47473579283817
0.168, 205.8331475451492
0.169, 206.1917991240458
0.17, 206.55069020017064
0.171, 206.9098204434464
0.17200000000000001, 207.2691895280618
0.17300000000000001, 207.62879712220206
0.17400000000000002, 207.9886428944383
0.17500000000000002, 208.34872651316238
0.176, 208.7090511497484
0.177, 209.0696094906398
0.178, 209.43040467063375
0.179, 209.79143636581296
0.18, 210.15270424028256
0.181, 210.51420796275752
0.182, 210.87594719304707
0.183, 211.23792159872716
0.184, 211.60013083817256
0.185, 211.9625745758227
0.186, 212.32525247364947
0.187, 212.68816419148214
0.188, 213.0513093934754
0.189, 213.41468773294406
0.19, 213.77829887528807
0.191, 214.14214247239414
0.192, 214.50622426305202
0.193, 214.8705317643548
0.194, 215.2350706956692
0.195, 215.5998407137724
0.196, 215.96484147306037
0.197, 216.33007262611005
0.198, 216.69553382844703
0.199, 217.06122473487684
0.2, 217.42714499668892
0.201, 217.79329426483028
0.202, 218.159672194226
0.203, 218.5262784320727
0.20400000000000001, 218.8931126300177
0.20500000000000002, 219.26017443869918
0.20600000000000002, 219.62746350576097
0.20700000000000002, 219.9949794809691
0.20800000000000002, 220.36272201039495
0.209, 220.7306907428234
0.21, 221.09888532342387
0.211, 221.4673053985614
0.212, 221.83595061094033
0.213, 222.20482061028972
0.214, 222.57391503739856
0.215, 222.94323353435107
0.216, 223.31277574723987
0.217, 223.68254153015175
0.218, 224.0525425846206
0.219, 224.42275382503658
0.22, 224.79318730896833
0.221, 225.16384271200337
0.222, 225.53471966991302
0.223, 225.90581782692922
0.224, 226.27713681541786
0.225, 226.6486762783818
0.226, 227.02043584599886
0.227, 227.39241516071425
0.228, 227.76461385172883
0.229, 228.13703155763952
0.23, 228.5096679138533
0.231, 228.88252254967233
0.232, 229.25559509941095
0.233, 229.62888519758766
0.234, 230.0023924730479
0.23500000000000001, 230.37611655967305
0.23600000000000002, 230.75005708402526
0.23700000000000002, 231.12421368084074
0.23800000000000002, 231.49858597497592
0.23900000000000002, 231.8731735982474
0.24, 232.24797617698783
0.241, 232.62299334045997
0.242, 232.99822471400256
0.243, 233.37366992298146
0.244, 233.7493285944661
0.245, 234.1252003537069
0.246, 234.50128482277177
0.247, 234.87758162900428
0.248, 235.25409039398792
0.249, 235.63081073935058
0.25, 236.00774228825316
0.251, 236.3848846610059
0.252, 236.76223748038177
0.253, 237.13980036494368
0.254, 237.51757293569545
0.255, 237.89555481262647
0.256, 238.27374560847232
0.257, 238.65214494787318
0.258, 239.03075244583167
0.259, 239.40956771808402
0.26, 239.78859038062902
0.261, 240.16782004892787
0.262, 240.54725633767106
0.263, 240.92689886425552
0.264, 241.30674723852007
0.265, 241.68680107603373
0.266, 242.0670599874248
0.267, 242.44752358413635
0.268, 242.82819148051388
0.269, 243.20906328633095
0.27, 243.59013861110347
0.271, 243.97141706505087
0.272, 244.3528982541041
0.273, 244.73458179072165
0.274, 245.1164672808848
0.275, 245.49855433186582
0.276, 245.88084255233196
0.277, 246.26333154388035
0.278, 246.64602091754583
0.279, 247.0289102728304
0.28, 247.41199921747193
0.281, 247.79528735638755
0.28200000000000003, 248.17877428999043
0.28300000000000003, 248.56245962101778
0.28400000000000003, 248.9463429512514
0.28500000000000003, 249.33042388342926
0.28600000000000003, 249.7147020198377
0.28700000000000003, 250.0991769569098
0.28800000000000003, 250.48384829840256
0.289, 250.86871563985594
0.29, 251.253778583717
0.291, 251.63903672416328
0.292, 252.02448966063483
0.293, 252.41013698874062
0.294, 252.79597830786096
0.295, 253.18201320846325
0.296, 253.56824129149135
0.297, 253.95466214677876
0.298, 254.34127537274998
0.299, 254.72808055790065
0.3, 255.11507729908035
0.301, 255.50226518517331
0.302, 255.88964381126146
0.303, 256.27721276764595
0.304, 256.664971643892
0.305, 257.052920031659
0.306, 257.4410575188069
0.307, 257.82938369386494
0.308, 258.2178981464823
0.309, 258.60660046548526
0.31, 258.9954902349754
0.311, 259.384567045347
0.312, 259.7738304797235
0.313, 260.1632801240335
0.314, 260.5529155655367
0.315, 260.9427363852413
0.316, 261.33274217029845
0.317, 261.7229325038471
0.318, 262.1133069668161
0.319, 262.50386514121
0.32, 262.8946066118178
0.321, 263.28553095441015
0.322, 263.67663775570185
0.323, 264.0679265916921
0.324, 264.4593970427639
0.325, 264.8510486899528
0.326, 265.24288110816036
0.327, 265.63489387752105
0.328, 266.0270865761658
0.329, 266.41945877776516
0.33, 266.8120100592874
0.331, 267.20473999688056
0.332, 267.59764816802726
0.333, 267.9907341442682
0.334, 268.3839975016137
0.335, 268.7774378118881
0.336, 269.17105464724705
0.337, 269.56484758453377
0.338, 269.9588161909294
0.339, 270.3529600383427
0.34, 270.7472787006338
0.341, 271.14177174623904
0.342, 271.53643874313485
0.343, 271.9312792633271
0.34400000000000003, 272.3262928742278
0.34500000000000003, 272.7214791412428
0.34600000000000003, 273.11683763843973
0.34700000000000003, 273.51236792654953
0.34800000000000003, 273.90806957572045
0.34900000000000003, 274.30394215276476
0.35000000000000003, 274.6999852168966
0.35100000000000003, 275.09619834115017
0.352, 275.49258108378416
0.353, 275.88913301187785
0.354, 276.28585368648913
0.355, 276.6827426737914
0.356, 277.0797995324315
0.357, 277.47702382574937
0.358, 277.8744151152697
0.359, 278.2719729611225
0.36, 278.6696969237178
0.361, 279.06758656393316
0.362, 279.46564143871404
0.363, 279.86385652956983
0.364, 280.26224053524794
0.365, 280.6607884611668
0.366, 281.05949985521954
0.367, 281.45837427122495
0.368, 281.8574112680033
0.369, 282.25661039937523
0.37, 282.65597122030334
0.371, 283.0554932868937
0.372, 283.45517615117785
0.373, 283.8550193666358
0.374, 284.25502248827485
0.375, 284.65518506564104
0.376, 285.0555066534705
0.377, 285.45598680100983
0.378, 285.8566250599586
0.379, 286.2574209817533
0.38, 286.65837411415396
0.381, 287.05948400730136
0.382, 287.460750212218
0.383, 287.86217227302905
0.384, 288.263749741958
0.385, 288.66548216281996
0.386, 289.0673690851444
0.387, 289.46941005505045
0.388, 289.87160461634096
0.389, 290.27395231558603
0.39, 290.67645269662086
0.391, 291.07910530556836
0.392, 291.4819096871461
0.393, 291.8848653816363
0.394, 292.2879719323952
0.395, 292.6912288838051
0.396, 293.09463577781446
0.397, 293.4981921522161
0.398, 293.9018975519466
0.399, 294.3057515146314
0.4, 294.7097535810149
0.401, 295.11390329226845
0.402, 295.5182001857971
0.403, 295.9226437985217
0.404, 296.327233670827
0.405, 296.73196933939073
0.406, 297.1368503413474
0.40700000000000003, 297.5418762111187
0.40800000000000003, 297.94704648906776
0.40900000000000003, 298.3523607051819
0.41000000000000003, 298.757818398971
0.41100000000000003, 299.1634191051801
0.41200000000000003, 299.5691623536955
0.41300000000000003, 299.9750476810035
0.41400000000000003, 300.3810746200403
0.41500000000000004, 300.7872427019088
0.41600000000000004, 301.1935514613387
0.417, 301.6000004280215
0.418, 302.0065891336907
0.419, 302.41331710836295
0.42, 302.8201838836017
0.421, 303.2271889897135
0.422, 303.63433195329725
0.423, 304.0416123050783
0.424, 304.44902957359
0.425, 304.8565832868656
0.426, 305.26427296953227
0.427, 305.6720981535306
0.428, 306.08005836082896
0.429, 306.4881531184866
0.43, 306.8963819521131
0.431, 307.30474438908453
0.432, 307.7132399502233
0.433, 308.12186816256684
0.434, 308.5306285489055
0.435, 308.93952063279033
0.436, 309.3485439368811
0.437, 309.75769798169324
0.438, 310.1669822924063
0.439, 310.5763963873271
0.44, 310.98593978876653
0.441, 311.3956120171552
0.442, 311.8054125930523
0.443, 312.2153410357265
0.444, 312.62539686122614
0.445, 313.0355795922521
0.446, 313.4458887456094
0.447, 313.856323840619
0.448, 314.26688439058404
0.449, 314.6775699164583
0.45, 315.0883799308744
0.451, 315.4993139529546
0.452, 315.91037149697934
0.453, 316.3215520789171
0.454, 316.73285521246845
0.455, 317.14428041022785
0.456, 317.55582718743136
0.457, 317.967495059221
0.458, 318.37928353429953
0.459, 318.79119213032783
0.46, 319.20322035401347
0.461, 319.61536771919765
0.462, 320.0276337384869
0.463, 320.4400179196142
0.464, 320.8525197729295
0.465, 321.26513881103654
0.466, 321.6778745397615
0.467, 322.0907264716541
0.468, 322.50369411179713
0.46900000000000003, 322.9167769696158
0.47000000000000003, 323.3299745551641
0.47100000000000003, 323.7432863696135
0.47200000000000003, 324.1567119267495
0.47300000000000003, 324.57025072587044
0.47400000000000003, 324.9839022772799
0.47500000000000003, 325.39766608777796
0.47600000000000003, 325.811541658303
0.47700000000000004, 326.22552849424767
0.47800000000000004, 326.63962610262723
0.47900000000000004, 327.053833983995
0.48, 327.4681516444
0.481, 327.88257858324044
0.482, 328.2971143064404
0.483, 328.71175831471925
0.484, 329.12651010918694
0.485, 329.5413691924459
0.486, 329.9563350635744
0.487, 330.371407221721
0.488, 330.78658517102036
0.489, 331.2018684105694
0.49, 331.61725643591996
0.491, 332.0327487478428
0.492, 332.4483448439132
0.493, 332.8640442227435
0.494, 333.27984638240963
0.495, 333.69575081923324
0.496, 334.11175703062247
0.497, 334.527864510525
0.498, 334.94407275829406
0.499, 335.3603812652942
0.5, 335.77678953091663
0.501, 336.19329704772554
0.502, 336.60990330993536
0.503, 337.0266078096467
0.504, 337.4434100420316
0.505, 337.86030950295793
0.506, 338.277305680702
0.507, 338.69439806992347
0.508, 339.11158616193995
0.509, 339.5288694463642
0.51, 339.94624741712886
0.511, 340.3637195619431
0.512, 340.7812853734712
0.513, 341.1989443425825
0.514, 341.6166959556853
0.515, 342.0345397023541
0.516, 342.452475074217
0.517, 342.870501557585
0.518, 343.28861863867957
0.519, 343.7068258086819
0.52, 344.12512255163983
0.521, 344.5435083558122
0.522, 344.961982706952
0.523, 345.3805450911057
0.524, 345.79919499409783
0.525, 346.2179319018956
0.526, 346.63675529868107
0.527, 347.05566466898745
0.528, 347.4746594982313
0.529, 347.8937392669236
0.53, 348.31290346079015
0.531, 348.7321515629984
0.532, 349.1514830543697
0.533, 349.5708974203843
0.534, 349.9903941392853
0.535, 350.4099726944715
0.536, 350.82963256634474
0.537, 351.24937323608145
0.538, 351.6691941844215
0.539, 352.08909488964645
0.54, 352.5090748339276
0.541, 352.9291334943679
0.542, 353.3492703519529
0.543, 353.76948488354236
0.544, 354.1897765680697
0.545, 354.610144881818
0.546, 355.03058930632636
0.547, 355.4511093135115
0.548, 355.87170438417394
0.549, 356.2923739913739
0.55, 356.71311761363444
0.551, 357.13393472612813
0.552, 357.554824804234
0.553, 357.9757873214221
0.554, 358.39682175390817
0.555, 358.8179275749688
0.556, 359.23910425966704
0.557, 359.6603512818322
0.558, 360.0816681116423
0.559, 360.5030542255375
0.56, 360.9245090936556
0.561, 361.3460321916923
0.562, 361.76762298660014
0.5630000000000001, 362.18928095103036
0.5640000000000001, 362.6110055589219
0.5650000000000001, 363.0327962792922
0.5660000000000001, 363.45465258249266
0.5670000000000001, 363.8765739394508
0.5680000000000001, 364.29855981793963
0.5690000000000001, 364.72060968931424
0.5700000000000001, 365.1427230219941
0.5710000000000001, 365.56489928530715
0.5720000000000001, 365.9871379467084
0.5730000000000001, 366.409438474353
0.5740000000000001, 366.8318003361209
0.5750000000000001, 367.25422300091753
0.5760000000000001, 367.6767059349064
0.577, 368.09924860338714
0.578, 368.5218504744297
0.579, 368.94451101348614
0.58, 369.36722968607756
0.581, 369.79000595920013
0.582, 370.21283929582614
0.583, 370.63572916232755
0.584, 371.05867502223197
0.585, 371.48167633903284
0.586, 371.9047325793877
0.587, 372.3278432048158
0.588, 372.75100767843
0.589, 373.1742254629236
0.59, 373.5974960210858
0.591, 374.02081881697916
0.592, 374.44419330981333
0.593, 374.86761896146623
0.594, 375.29109523556
0.595, 375.7146215917763
0.596, 376.13819748978307
0.597, 376.56182239040703
0.598, 376.9854957536816
0.599, 377.409217040747
0.6, 377.83298570954616
0.601, 378.2568012202176
0.602, 378.68066303025296
0.603, 379.10457059839524
0.604, 379.5285233838404
0.605, 379.95252084366933
0.606, 380.37656243712377
0.607, 380.80064762014007
0.608, 381.22477584805875
0.609, 381.6489465807241
0.61, 382.0731592735436
0.611, 382.49741338112324
0.612, 382.9217083608266
0.613, 383.34604366816995
0.614, 383.770418756572
0.615, 384.19483924930637
0.616, 384.61929229375346
0.617, 385.04378347202464
0.618, 385.46831225004814
0.619, 385.89287808404185
0.62, 386.3174804242753
0.621, 386.74211872634277
0.622, 387.1667924418336
0.623, 387.59150102524825
0.624, 388.01624392664576
0.625, 388.44102059882914
0.626, 388.86583049242745
0.627, 389.2906730614984
0.628, 389.71554775683575
0.629, 390.1404540287765
0.63, 390.56539132665176
0.631, 390.9903591020394
0.632, 391.4153568070999
0.633, 391.84038388752714
0.634, 392.26543979709004
0.635, 392.6905239822854
0.636, 393.11563589211585
0.637, 393.54077497687217
0.638, 393.96594068375225
0.639, 394.39113246278026
0.64, 394.8163497606107
0.641, 395.2415920240907
0.642, 395.66685870360783
0.643, 396.09214924284265
0.644, 396.51746309139315
0.645, 396.9427996943605
0.646, 397.368158497429
0.647, 397.79353895004664
0.648, 398.21894049511974
0.649, 398.64436257803436
0.65, 399.06980464499014
0.651, 399.49526614374054
0.652, 399.92074651666013
0.653, 400.3462452075185
0.654, 400.77176166043876
0.655, 401.1972953213051
0.656, 401.62284563404603
0.657, 402.04841204072756
0.658, 402.4739939865958
0.659, 402.8995909129765
0.66, 403.32520226337664
0.661, 403.75082736267535
0.662, 404.1764660000715
0.663, 404.6020541889525
0.664, 405.0277622719661
0.665, 405.453437425386
0.666, 405.87912357134394
0.667, 406.3048202344112
0.668, 406.7305268564108
0.669, 407.1562428768354
0.67, 407.58196773710546
0.671, 408.00770087632156
0.672, 408.43344173511537
0.673, 408.85918975499214
0.674, 409.2849443723694
0.675, 409.71070502912534
0.676, 410.13647116268487
0.677, 410.56224221252495
0.678, 410.9880176167757
0.679, 411.41379681575023
0.68, 411.8395792457278
0.681, 412.26536434478976
0.682, 412.69115155010303
0.683, 413.11694030077865
0.684, 413.54273003462583
0.685, 413.9685201859492
0.686, 414.39431019449813
0.687, 414.82009949529174
0.6880000000000001, 415.24588752406925
0.6890000000000001, 415.6716737191474
0.6900000000000001, 416.0974575151476
0.6910000000000001, 416.5232383476862
0.6920000000000001, 416.9490156521696
0.6930000000000001, 417.37478886612
0.6940000000000001, 417.80055742234873
0.6950000000000001, 418.22632075605435
0.6960000000000001, 418.6520783050602
0.6970000000000001, 419.07782949953764
0.6980000000000001, 419.50357377535624
0.6990000000000001, 419.92931056696256
0.7000000000000001, 420.355039307916
0.7010000000000001, 420.78075943383743
0.7020000000000001, 421.2064703758342
0.7030000000000001, 421.63217156776517
0.704, 422.0578624431843
0.705, 422.4835424350906
0.706, 422.9092109770573
0.707, 423.3348674992567
0.708, 423.76051143563774
0.709, 424.1861422177478
0.71, 424.61175927813275
0.711, 425.0373620486207
0.712, 425.46294996025574
0.713, 425.8885224443043
0.714, 426.3140789333973
0.715, 426.7396188562083
0.716, 427.1651416461082
0.717, 427.59064673090626
0.718, 428.0161335444411
0.719, 428.4416015141537
0.72, 428.8670500711499
0.721, 429.29247864547534
0.722, 429.71788666733624
0.723, 430.14327356504305
0.724, 430.56863876908903
0.725, 430.99398170613097
0.726, 431.4193018101069
0.727, 431.8445985056126
0.728, 432.26987122274403
0.729, 432.69511939182996
0.73, 433.12034243731966
0.731, 433.54553979164757
0.732, 433.970710879916
0.733, 434.39585513056466
0.734, 434.8209719712782
0.735, 435.2460608314889
0.736, 435.67112113561734
0.737, 436.0961523118932
0.738, 436.52115378802887
0.739, 436.94612499023447
0.74, 437.3710653454131
0.741, 437.7959742804872
0.742, 438.22085122250894
0.743, 438.64569559490513
0.744, 439.07050682604137
0.745, 439.4952843414734
0.746, 439.92002756807557
0.747, 440.3447359306621
0.748, 440.76940885216584
0.749, 441.19404576113357
0.75, 441.61864608212005
0.751, 442.04320923890134
0.752, 442.46773465878914
0.753, 442.89222176477665
0.754, 443.31666998096074
0.755, 443.74107873302876
0.756, 444.165447444926
0.757, 444.5897755400113
0.758, 445.0140624438389
0.759, 445.4383075787416
0.76, 445.86251037042814
0.761, 446.2866702404338
0.762, 446.7107866129334
0.763, 447.1348589133036
0.764, 447.55888656103593
0.765, 447.98286898283266
0.766, 448.4068055986927
0.767, 448.8306958337198
0.768, 449.2545391100595
0.769, 449.67833497732454
0.77, 450.10206525906426
0.771, 450.52576412596716
0.772, 450.949413753333
0.773, 451.373013534045
0.774, 451.796562889287
0.775, 452.2200612405754
0.776, 452.64350800935745
0.777, 453.066902619493
0.778, 453.49024448972114
0.779, 453.9135330424565
0.78, 454.33676770009566
0.781, 454.75994788285954
0.782, 455.1830730115122
0.783, 455.6061425068628
0.784, 456.0291557913715
0.785, 456.45211228441474
0.786, 456.8750114059422
0.787, 457.2978525767563
0.788, 457.72063521814357
0.789, 458.1433587506012
0.79, 458.5660225930357
0.791, 458.98862616658545
0.792, 459.41116889082605
0.793, 459.83365018499165
0.794, 460.25606946997937
0.795, 460.67842616508074
0.796, 461.10071968842874
0.797, 461.52294946331267
0.798, 461.94511490515623
0.799, 462.36721543613544
0.8, 462.7892504725839
0.801, 463.2112194352386
0.802, 463.63312174452454
0.803, 464.05495681684323
0.804, 464.47672407166027
0.805, 464.89842292855474
0.806, 465.3200528070136
0.807, 465.7416131239772
0.808, 466.16310329875404
0.809, 466.5845227490436
0.81, 467.00587089440205
0.811, 467.4271471515535
0.812, 467.8483509401332
0.8130000000000001, 468.2694816763052
0.8140000000000001, 468.69053878265964
0.8150000000000001, 469.1115216714819
0.8160000000000001, 469.53242976376055
0.8170000000000001, 469.9532624750061
0.8180000000000001, 470.3740192268416
0.8190000000000001, 470.79469943550384
0.8200000000000001, 471.2153025162187
0.8210000000000001, 471.63582788880365
0.8220000000000001, 472.0562749701321
0.8230000000000001, 472.4766431776675
0.8240000000000001, 472.8969319294486
0.8250000000000001, 473.3171406413805
0.8260000000000001, 473.7372687311591
0.8270000000000001, 474.15731561599773
0.8280000000000001, 474.57728071320713
0.8290000000000001, 474.9971634391946
0.8300000000000001, 475.4169632134113
0.8310000000000001, 475.8366794494068
0.8320000000000001, 476.25631156617476
0.833, 476.67585898011225
0.834, 477.0953211069693
0.835, 477.5146973641104
0.836, 477.9339871678042
0.837, 478.35318993656614
0.838, 478.77230508489953
0.839, 479.19133203044504
0.84, 479.6102701884315
0.841, 480.0291189761582
0.842, 480.44787780979993
0.843, 480.86654610652994
0.844, 481.2851232807821
0.845, 481.7036087509407
0.846, 482.1220019305222
0.847, 482.5403022385349
0.848, 482.95850908978053
0.849, 483.37662190017613
0.85, 483.79464008614787
0.851, 484.21256306499635
0.852, 484.6303902490151
0.853, 485.04812105764006
0.854, 485.46575490583643
0.855, 485.8832912093077
0.856, 486.30072938347206
0.857, 486.7180688446181
0.858, 487.1353090093191
0.859, 487.55244929217605
0.86, 487.9694891100543
0.861, 488.3864278784503
0.862, 488.8032650101689
0.863, 489.2199999260181
0.864, 489.6366320380532
0.865, 490.0531607633113
0.866, 490.46958551737333
0.867, 490.88590571650485
0.868, 491.3021207731619
0.869, 491.7182301062558
0.87, 492.13423313148627
0.871, 492.5501292615011
0.872, 492.9659179144075
0.873, 493.3815985057509
0.874, 493.7971704498015
0.875, 494.21263316289657
0.876, 494.62798606072187
0.877, 495.0432285569243
0.878, 495.45836006962884
0.879, 495.87338001436507
0.88, 496.28828780442535
0.881, 496.70308285682745
0.882, 497.1177645863553
0.883, 497.5323324095233
0.884, 497.9467857408993
0.885, 498.3611239963848
0.886, 498.775346592857
0.887, 499.1894529443025
0.888, 499.6034424667018
0.889, 500.01731457483055
0.89, 500.43106868542327
0.891, 500.84470421363085
0.892, 501.25822057493014
0.893, 501.6716171846628
0.894, 502.0848934606039
0.895, 502.4980488141285
0.896, 502.9110826666206
0.897, 503.3239944271143
0.898, 503.73678351710583
0.899, 504.1494493505267
0.9, 504.5619913416625
0.901, 504.9744089080002
0.902, 505.386701463329
0.903, 505.79886842589235
0.904, 506.2109092093667
0.905, 506.6228232316852
0.906, 507.034609908397
0.907, 507.44626865358043
0.908, 507.857798884747
0.909, 508.26920001728
0.91, 508.6804714677972
0.911, 509.0916126543639
0.912, 509.5026149209275
0.913, 509.9134938123522
0.914, 510.32424069597414
0.915, 510.73485497883104
0.916, 511.14533607697786
0.917, 511.5556834052973
0.918, 511.96589638096754
0.919, 512.375974421025
0.92, 512.7859169410788
0.921, 513.1957233569093
0.922, 513.605393086397
0.923, 514.0149255459428
0.924, 514.4243201518866
0.925, 514.8335763206494
0.926, 515.2426934691484
0.927, 515.6516710135508
0.928, 516.060508372709
0.929, 516.4692049627103
0.93, 516.8777601976583
0.931, 517.2861734974276
0.932, 517.6944442800046
0.933, 518.1025719601568
0.934, 518.5105559548908
0.935, 518.9183956828944
0.936, 519.3260905615098
0.937, 519.7336400080726
0.9380000000000001, 520.1410434392138
0.9390000000000001, 520.5483002732167
0.9400000000000001, 520.9554099267458
0.9410000000000001, 521.3623718174521
0.9420000000000001, 521.7691853647901
0.9430000000000001, 522.1758499828217
0.9440000000000001, 522.5823650938913
0.9450000000000001, 522.9887301130728
0.9460000000000001, 523.3949444603442
0.9470000000000001, 523.8010075512847
0.9480000000000001, 524.2069188064632
0.9490000000000001, 524.6126776425914
0.9500000000000001, 525.0182834793757
0.9510000000000001, 525.4237357328889
0.9520000000000001, 525.8290338235844
0.9530000000000001, 526.2341771693945
0.9540000000000001, 526.6391651889909
0.9550000000000001, 527.0439973007677
0.9560000000000001, 527.4486729237346
0.9570000000000001, 527.8531914784292
0.9580000000000001, 528.2575523819198
0.9590000000000001, 528.6617550524057
0.96, 529.0657989121665
0.961, 529.4696833773181
0.962, 529.873407869626
0.963, 530.2769718074945
0.964, 530.6803746081579
0.965, 531.083615696724
0.966, 531.4866944881142
0.967, 531.889610405547
0.968, 532.2923628646262
0.969, 532.6949512898119
0.97, 533.0973750994556
0.971, 533.4996337125737
0.972, 533.9017265512942
0.973, 534.303653036187
0.974, 534.705412585889
0.975, 535.1070046244009
0.976, 535.5084285687811
0.977, 535.9096838417167
0.978, 536.3107698644156
0.979, 536.711686058419
0.98, 537.1124318440112
0.981, 537.5130066409022
0.982, 537.91340987347
0.983, 538.3136409623703
0.984, 538.7136993306292
0.985, 539.1135843968135
0.986, 539.5132955852915
0.987, 539.9128323157556
0.988, 540.3121940130171
0.989, 540.711380099698
0.99, 541.1103899956256
0.991, 541.509223124774
0.992, 541.9078789108414
0.993, 542.3063567748945
0.994, 542.7046561401507
0.995, 543.1027764299099
0.996, 543.5007170687244
0.997, 543.8984774774436
0.998, 544.2960570817739
0.999, 544.6934553032834
1.0, 545.0906715684714
1.0010000000000001, 545.4877052981434
1.002, 545.8845559187921
1.0030000000000001, 546.2812228522894
1.004, 546.6777055259428
1.0050000000000001, 547.0740033602137
1.006, 547.470115783261
1.0070000000000001, 547.8660422194182
1.008, 548.261782090635
1.0090000000000001, 548.6573348255414
1.01, 549.05269984696
1.0110000000000001, 549.4478765806766
1.012, 549.842864452924
1.0130000000000001, 550.237662888962
1.014, 550.6322713152385
1.0150000000000001, 551.0266891553543
1.016, 551.4209158384274
1.0170000000000001, 551.81495078833
1.018, 552.2087934325526
1.0190000000000001, 552.6024431973551
1.02, 552.9958995094944
1.0210000000000001, 553.3891617946875
1.022, 553.7822294849996
1.0230000000000001, 554.175102000119
1.024, 554.5677787729807
1.025, 554.960259228742
1.026, 555.3525427963895
1.027, 555.744628902944
1.028, 556.1365169753858
1.029, 556.5282064443189
1.03, 556.9196967360048
1.031, 557.3109872802684
1.032, 557.7020775060778
1.033, 558.0929668409791
1.034, 558.4836547160286
1.035, 558.8741405583451
1.036, 559.2644237974349
1.037, 559.654503864492
1.038, 560.0443801884239
1.039, 560.4340522007475
1.04, 560.8235193273971
1.041, 561.2127810025884
1.042, 561.6018366558516
1.043, 561.9906857177051
1.044, 562.3793276211283
1.045, 562.7677617920466
1.046, 563.1559876667599
1.047, 563.5440046730848
1.048, 563.9318122466617
1.049, 564.31940981559
1.05, 564.706796813608
1.051, 565.0939726724575
1.052, 565.4809368257881
1.053, 565.8676887044903
1.054, 566.2542277421867
1.055, 566.6405533708639
1.056, 567.0266650268418
1.057, 567.4125621399841
1.058, 567.798244147084
1.059, 568.1837104789917
1.06, 568.5689605705659
1.061, 568.9539938574117
1.062, 569.3388097731188
1.063, 569.7234077524137
1.064, 570.1077872291023
1.065, 570.491947638791
1.066, 570.8758884181808
1.067, 571.2596090008137
1.068, 571.6431088255274
1.069, 572.0263873241732
1.07, 572.409443935474
1.071, 572.7922780952599
1.072, 573.1748892402201
1.073, 573.5572768045386
1.074, 573.9394402314113
1.075, 574.3213789515743
1.076, 574.703092405182
1.077, 575.0845800310424
1.078, 575.4658412657946
1.079, 575.8468755468363
1.08, 576.2276823141319
1.081, 576.608261004901
1.082, 576.9886110582573
1.083, 577.368731916593
1.084, 577.7486230147313
1.085, 578.1282837939484
1.086, 578.5077136920244
1.087, 578.8869121520826
1.088, 579.2658786135328
1.089, 579.6446125150932
1.09, 580.0231132989844
1.091, 580.4013804058675
1.092, 580.7794132763195
1.093, 581.157211353627
1.094, 581.5347740782803
1.095, 581.9121008906068
1.096, 582.2891912357026
1.097, 582.6660445529192
1.098, 583.0426602875775
1.099, 583.4190378820317
1.1, 583.7951767781104
1.101, 584.1710764200549
1.102, 584.5467362506281
1.103, 584.9221557162258
1.104, 585.2973342584344
1.105, 585.672271323743
1.106, 586.0469663543468
1.107, 586.4214187977634
1.108, 586.7956280957784
1.109, 587.1695936987185
1.11, 587.5433150474125
1.111, 587.9167915917694
1.112, 588.2900227748066
1.113, 588.6630080461894
1.114, 589.0357468492726
1.115, 589.408238634571
1.116, 589.7804828458368
1.117, 590.1524789334395
1.118, 590.5242263438499
1.119, 590.8957245249816
1.12, 591.2669729260851
1.121, 591.6379709967399
1.122, 592.0087181831531
1.123, 592.3792139375277
1.124, 592.7494577063778
1.125, 593.1194489402624
1.1260000000000001, 593.4891870919055
1.127, 593.8586716090355
1.1280000000000001, 594.2279019423911
1.129, 594.5968775429734
1.1300000000000001, 594.9655978624057
1.131, 595.3340623530066
1.1320000000000001, 595.7022704652327
1.133, 596.0702216494655
1.1340000000000001, 596.4379153622152
1.135, 596.8053510517477
1.1360000000000001, 597.1725281738268
1.137, 597.5394461815458
1.1380000000000001, 597.9061045262932
1.139, 598.2725026636948
1.1400000000000001, 598.6386400474909
1.141, 599.004516131611
1.1420000000000001, 599.3701303707254
1.143, 599.7354822196305
1.1440000000000001, 600.1005711340813
1.145, 600.4653965695342
1.1460000000000001, 600.8299579820543
1.147, 601.194254826153
1.1480000000000001, 601.5582865600471
1.149, 601.9220526399971
1.1500000000000001, 602.2855525239403
1.151, 602.64878566684
1.1520000000000001, 603.0117515283417
1.153, 603.374449567224
1.154, 603.7368792390016
1.155, 604.0990400044101
1.156, 604.4609313213174
1.157, 604.8225526498125
1.158, 605.1839034472204
1.159, 605.54498317649
1.16, 605.9057912971228
1.161, 606.2663272682838
1.162, 606.6265905502886
1.163, 606.9865806059581
1.164, 607.3462968955924
1.165, 607.7057388821729
1.166, 608.0649060274665
1.167, 608.4237977935974
1.168, 608.7824136420874
1.169, 609.1407530369607
1.17, 609.498815443286
1.171, 609.8566003218974
1.172, 610.2141071379955
1.173, 610.5713353574042
1.174, 610.928284441842
1.175, 611.2849538587187
1.176, 611.6413430734088
1.177, 611.997451549606
1.178, 612.3532787551263
1.179, 612.7088241572104
1.18, 613.0640872196626
1.181, 613.4190674102812
1.182, 613.7737641983847
1.183, 614.1281770510049
1.184, 614.4823054341599
1.185, 614.836148818505
1.186, 615.1897066731102
1.187, 615.5429784653635
1.188, 615.8959636650069
1.189, 616.2486617437291
1.19, 616.6010721679128
1.191, 616.9531944133641
1.192, 617.3050279455011
1.193, 617.656572238709
1.194, 618.0078267632196
1.195, 618.3587909929274
1.196, 618.709464397269
1.197, 619.0598464510106
1.198, 619.40993662486
1.199, 0.0
1.2, 0.0
1.201, 0.0
1.202, 0.0
1.203, 0.0
1.204, 0.0
1.205, 0.0
1.206, 0.0
1.207, 0.0
1.208, 0.0
1.209, 0.0
1.21, 0.0
1.211, 0.0
1.212, 0.0
1.213, 0.0
1.214, 0.0
1.215, 0.0
1.216, 0.0
1.217, 0.0
1.218, 0.0
1.219, 0.0
1.22, 0.0
1.221, 0.0
1.222, 0.0
1.223, 0.0
1.224, 0.0
1.225, 0.0
1.226, 0.0
1.227, 0.0
1.228, 0.0
1.229, 0.0
1.23, 0.0
1.231, 0.0
1.232, 0.0
1.233, 0.0
1.234, 0.0
1.235, 0.0
1.236, 0.0
1.237, 0.0
1.238, 0.0
1.239, 0.0
1.24, 0.0
1.241, 0.0
1.242, 0.0
1.243, 0.0
1.244, 0.0
1.245, 0.0
1.246, 0.0
1.247, 0.0
1.248, 0.0
1.249, 0.0
1.25, 0.0
1.2510000000000001, 0.0
1.252, 0.0
1.2530000000000001, 0.0
1.254, 0.0
1.2550000000000001, 0.0
1.256, 0.0
1.2570000000000001, 0.0
1.258, 0.0
1.2590000000000001, 0.0
1.26, 0.0
1.2610000000000001, 0.0
1.262, 0.0
1.2630000000000001, 0.0
1.264, 0.0
1.2650000000000001, 0.0
1.266, 0.0
1.2670000000000001, 0.0
1.268, 0.0
1.2690000000000001, 0.0
1.27, 0.0
1.2710000000000001, 0.0
1.272, 0.0
1.2730000000000001, 0.0
1.274, 0.0
1.2750000000000001, 0.0
1.276, 0.0
1.2770000000000001, 0.0
1.278, 0.0
1.2790000000000001, 0.0
1.28, 0.0
1.281, 0.0
1.282, 0.0
1.283, 0.0
1.284, 0.0
1.285, 0.0
1.286, 0.0
1.287, 0.0
1.288, 0.0
1.289, 0.0
1.29, 0.0
1.291, 0.0
1.292, 0.0
1.293, 0.0
1.294, 0.0
1.295, 0.0
1.296, 0.0
1.297, 0.0
1.298, 0.0
1.299, 0.0
1.3, 0.0
1.301, 0.0
1.302, 0.0
1.303, 0.0
1.304, 0.0
1.305, 0.0
1.306, 0.0
1.307, 0.0
1.308, 0.0
1.309, 0.0
1.31, 0.0
1.311, 0.0
1.312, 0.0
1.313, 0.0
1.314, 0.0
1.315, 0.0
1.316, 0.0
1.317, 0.0
1.318, 0.0
1.319, 0.0
1.32, 0.0
1.321, 0.0
1.322, 0.0
1.323, 0.0
1.324, 0.0
1.325, 0.0
1.326, 0.0
1.327, 0.0
1.328, 0.0
1.329, 0.0
1.33, 0.0
1.331, 0.0
1.332, 0.0
1.333, 0.0
1.334, 0.0
1.335, 0.0
1.336, 0.0
1.337, 0.0
1.338, 0.0
1.339, 0.0
1.34, 0.0
1.341, 0.0
1.342, 0.0
1.343, 0.0
1.344, 0.0
1.345, 0.0
1.346, 0.0
1.347, 0.0
1.348, 0.0
1.349, 0.0
1.35, 0.0
1.351, 0.0
1.352, 0.0
1.353, 0.0
1.354, 0.0
1.355, 0.0
1.356, 0.0
1.357, 0.0
1.358, 0.0
1.359, 0.0
1.36, 0.0
1.361, 0.0
1.362, 0.0
1.363, 0.0
1.364, 0.0
1.365, 0.0
1.366, 0.0
1.367, 0.0
1.368, 0.0
1.369, 0.0
1.37, 0.0
1.371, 0.0
1.372, 0.0
1.373, 0.0
1.374, 0.0
1.375, 0.0
1.3760000000000001, 0.0
1.377, 0.0
1.3780000000000001, 0.0
1.379, 0.0
1.3800000000000001, 0.0
1.381, 0.0
1.3820000000000001, 0.0
1.383, 0.0
1.3840000000000001, 0.0
1.385, 0.0
1.3860000000000001, 0.0
1.387, 0.0
1.3880000000000001, 0.0
1.389, 0.0
1.3900000000000001, 0.0
1.391, 0.0
1.3920000000000001, 0.0
1.393, 0.0
1.3940000000000001, 0.0
1.395, 0.0
1.3960000000000001, 0.0
1.397, 0.0
1.3980000000000001, 0.0
1.399, 0.0
1.4000000000000001, 0.0
1.401, 0.0
1.4020000000000001, 0.0
1.403, 0.0
1.4040000000000001, 0.0
1.405, 0.0
1.4060000000000001, 0.0
1.407, 0.0
1.408, 0.0
1.409, 0.0
1.41, 0.0
1.411, 0.0
1.412, 0.0
1.413, 0.0
1.414, 0.0
1.415, 0.0
1.416, 0.0
1.417, 0.0
1.418, 0.0
1.419, 0.0
1.42, 0.0
1.421, 0.0
1.422, 0.0
1.423, 0.0
1.424, 0.0
1.425, 0.0
1.426, 0.0
1.427, 0.0
1.428, 0.0
1.429, 0.0
1.43, 0.0
1.431, 0.0
1.432, 0.0
1.433, 0.0
1.434, 0.0
1.435, 0.0
1.436, 0.0
1.437, 0.0
1.438, 0.0
1.439, 0.0
1.44, 0.0
1.441, 0.0
1.442, 0.0
1.443, 0.0
1.444, 0.0
1.445, 0.0
1.446, 0.0
1.447, 0.0
1.448, 0.0
1.449, 0.0
1.45, 0.0
1.451, 0.0
1.452, 0.0
1.453, 0.0
1.454, 0.0
1.455, 0.0
1.456, 0.0
1.457, 0.0
1.458, 0.0
1.459, 0.0
1.46, 0.0
1.461, 0.0
1.462, 0.0
1.463, 0.0
1.464, 0.0
1.465, 0.0
1.466, 0.0
1.467, 0.0
1.468, 0.0
1.469, 0.0
1.47, 0.0
1.471, 0.0
1.472, 0.0
1.473, 0.0
1.474, 0.0
1.475, 0.0
1.476, 0.0
1.477, 0.0
1.478, 0.0
1.479, 0.0
1.48, 0.0
1.481, 0.0
1.482, 0.0
1.483, 0.0
1.484, 0.0
1.485, 0.0
1.486, 0.0
1.487, 0.0
1.488, 0.0
1.489, 0.0
1.49, 0.0
1.491, 0.0
1.492, 0.0
1.493, 0.0
1.494, 0.0
1.495, 0.0
1.496, 0.0
1.497, 0.0
1.498, 0.0
1.499, 0.0
1.5, 0.0
1.5010000000000001, 0.0
1.502, 0.0
1.5030000000000001, 0.0
1.504, 0.0
1.5050000000000001, 0.0
1.506, 0.0
1.5070000000000001, 0.0
1.508, 0.0
1.5090000000000001, 0.0
1.51, 0.0
1.5110000000000001, 0.0
1.512, 0.0
1.5130000000000001, 0.0
1.514, 0.0
1.5150000000000001, 0.0
1.516, 0.0
1.5170000000000001, 0.0
1.518, 0.0
1.5190000000000001, 0.0
1.52, 0.0
1.5210000000000001, 0.0
1.522, 0.0
1.5230000000000001, 0.0
1.524, 0.0
1.5250000000000001, 0.0
1.526, 0.0
1.5270000000000001, 0.0
1.528, 0.0
1.5290000000000001, 0.0
1.53, 0.0
1.5310000000000001, 0.0
1.532, 0.0
1.5330000000000001, 0.0
1.534, 0.0
1.5350000000000001, 0.0
1.536, 0.0
1.537, 0.0
1.538, 0.0
1.539, 0.0
1.54, 0.0
1.541, 0.0
1.542, 0.0
1.543, 0.0
1.544, 0.0
1.545, 0.0
1.546, 0.0
1.547, 0.0
1.548, 0.0
1.549, 0.0
1.55, 0.0
1.551, 0.0
1.552, 0.0
1.553, 0.0
1.554, 0.0
1.555, 0.0
1.556, 0.0
1.557, 0.0
1.558, 0.0
1.559, 0.0
1.56, 0.0
1.561, 0.0
1.562, 0.0
1.563, 0.0
1.564, 0.0
1.565, 0.0
1.566, 0.0
1.567, 0.0
1.568, 0.0
1.569, 0.0
1.57, 0.0
1.571, 0.0
1.572, 0.0
1.573, 0.0
1.574, 0.0
1.575, 0.0
1.576, 0.0
1.577, 0.0
1.578, 0.0
1.579, 0.0
1.58, 0.0
1.581, 0.0
1.582, 0.0
1.583, 0.0
1.584, 0.0
1.585, 0.0
1.586, 0.0
1.587, 0.0
1.588, 0.0
1.589, 0.0
1.59, 0.0
1.591, 0.0
1.592, 0.0
1.593, 0.0
1.594, 0.0
1.595, 0.0
1.596, 0.0
1.597, 0.0
1.598, 0.0
1.599, 0.0
1.6, 0.0
1.601, 0.0
1.602, 0.0
1.603, 0.0
1.604, 0.0
1.605, 0.0
1.606, 0.0
1.607, 0.0
1.608, 0.0
1.609, 0.0
1.61, 0.0
1.611, 0.0
1.612, 0.0
1.613, 0.0
1.614, 0.0
1.615, 0.0
1.616, 0.0
1.617, 0.0
1.618, 0.0
1.619, 0.0
1.62, 0.0
1.621, 0.0
1.622, 0.0
1.623, 0.0
1.624, 0.0
1.625, 0.0
1.6260000000000001, 0.0
1.627, 0.0
1.6280000000000001, 0.0
1.629, 0.0
1.6300000000000001, 0.0
1.631, 0.0
1.6320000000000001, 0.0
1.633, 0.0
1.6340000000000001, 0.0
1.635, 0.0
1.6360000000000001, 0.0
1.637, 0.0
1.6380000000000001, 0.0
1.639, 0.0
1.6400000000000001, 0.0
1.641, 0.0
1.6420000000000001, 0.0
1.643, 0.0
1.6440000000000001, 0.0
1.645, 0.0
1.6460000000000001, 0.0
1.647, 0.0
1.6480000000000001, 0.0
1.649, 0.0
1.6500000000000001, 0.0
1.651, 0.0
1.6520000000000001, 0.0
1.653, 0.0
1.6540000000000001, 0.0
1.655, 0.0
1.6560000000000001, 0.0
1.657, 0.0
1.6580000000000001, 0.0
1.659, 0.0
1.6600000000000001, 0.0
1.661, 0.0
1.6620000000000001, 0.0
1.663, 0.0
1.6640000000000001, 0.0
1.665, 0.0
1.666, 0.0
1.667, 0.0
1.668, 0.0
1.669, 0.0
1.67, 0.0
1.671, 0.0
1.672, 0.0
1.673, 0.0
1.674, 0.0
1.675, 0.0
1.676, 0.0
1.677, 0.0
1.678, 0.0
1.679, 0.0
1.68, 0.0
1.681, 0.0
1.682, 0.0
1.683, 0.0
1.684, 0.0
1.685, 0.0
1.686, 0.0
1.687, 0.0
1.688, 0.0
1.689, 0.0
1.69, 0.0
1.691, 0.0
1.692, 0.0
1.693, 0.0
1.694, 0.0
1.695, 0.0
1.696, 0.0
1.697, 0.0
1.698, 0.0
1.699, 0.0
1.7, 0.0
1.701, 0.0
1.702, 0.0
1.703, 0.0
1.704, 0.0
1.705, 0.0
1.706, 0.0
1.707, 0.0
1.708, 0.0
1.709, 0.0
1.71, 0.0
1.711, 0.0
1.712, 0.0
1.713, 0.0
1.714, 0.0
1.715, 0.0
1.716, 0.0
1.717, 0.0
1.718, 0.0
1.719, 0.0
1.72, 0.0
1.721, 0.0
1.722, 0.0
1.723, 0.0
1.724, 0.0
1.725, 0.0
1.726, 0.0
1.727, 0.0
1.728, 0.0
1.729, 0.0
1.73, 0.0
1.731, 0.0
1.732, 0.0
1.733, 0.0
1.734, 0.0
1.735, 0.0
1.736, 0.0
1.737, 0.0
1.738, 0.0
1.739, 0.0
1.74, 0.0
1.741, 0.0
1.742, 0.0
1.743, 0.0
1.744, 0.0
1.745, 0.0
1.746, 0.0
1.747, 0.0
1.748, 0.0
1.749, 0.0
1.75, 0.0
1.7510000000000001, 0.0
1.752, 0.0
1.7530000000000001, 0.0
1.754, 0.0
1.7550000000000001, 0.0
1.756, 0.0
1.7570000000000001, 0.0
1.758, 0.0
1.7590000000000001, 0.0
1.76, 0.0
1.7610000000000001, 0.0
1.762, 0.0
1.7630000000000001, 0.0
1.764, 0.0
1.7650000000000001, 0.0
1.766, 0.0
1.7670000000000001, 0.0
1.768, 0.0
1.7690000000000001, 0.0
1.77, 0.0
1.7710000000000001, 0.0
1.772, 0.0
1.7730000000000001, 0.0
1.774, 0.0
1.7750000000000001, 0.0
1.776, 0.0
1.7770000000000001, 0.0
1.778, 0.0
1.7790000000000001, 0.0
1.78, 0.0
1.7810000000000001, 0.0
1.782, 0.0
1.7830000000000001, 0.0
1.784, 0.0
1.7850000000000001, 0.0
1.786, 0.0
1.7870000000000001, 0.0
1.788, 0.0
1.7890000000000001, 0.0
1.79, 0.0
1.7910000000000001, 0.0
1.792, 0.0
1.793, 0.0
1.794, 0.0
1.795, 0.0
1.796, 0.0
1.797, 0.0
1.798, 0.0
1.799, 0.0
1.8, 0.0
1.801, 0.0
1.802, 0.0
1.803, 0.0
1.804, 0.0
1.805, 0.0
1.806, 0.0
1.807, 0.0
1.808, 0.0
1.809, 0.0
1.81, 0.0
1.811, 0.0
1.812, 0.0
1.813, 0.0
1.814, 0.0
1.815, 0.0
1.816, 0.0
1.817, 0.0
1.818, 0.0
1.819, 0.0
1.82, 0.0
1.821, 0.0
1.822, 0.0
1.823, 0.0
1.824, 0.0
1.825, 0.0
1.826, 0.0
1.827, 0.0
1.828, 0.0
1.829, 0.0
1.83, 0.0
1.831, 0.0
1.832, 0.0
1.833, 0.0
1.834, 0.0
1.835, 0.0
1.836, 0.0
1.837, 0.0
1.838, 0.0
1.839, 0.0
1.84, 0.0
1.841, 0.0
1.842, 0.0
1.843, 0.0
1.844, 0.0
1.845, 0.0
1.846, 0.0
1.847, 0.0
1.848, 0.0
1.849, 0.0
1.85, 0.0
1.851, 0.0
1.852, 0.0
1.853, 0.0
1.854, 0.0
1.855, 0.0
1.856, 0.0
1.857, 0.0
1.858, 0.0
1.859, 0.0
1.86, 0.0
1.861, 0.0
1.862, 0.0
1.863, 0.0
1.864, 0.0
1.865, 0.0
1.866, 0.0
1.867, 0.0
1.868, 0.0
1.869, 0.0
1.87, 0.0
1.871, 0.0
1.872, 0.0
1.873, 0.0
1.874, 0.0
1.875, 0.0
1.8760000000000001, 0.0
1.877, 0.0
1.8780000000000001, 0.0
1.879, 0.0
1.8800000000000001, 0.0
1.881, 0.0
1.8820000000000001, 0.0
1.883, 0.0
1.8840000000000001, 0.0
1.885, 0.0
1.8860000000000001, 0.0
1.887, 0.0
1.8880000000000001, 0.0
1.889, 0.0
1.8900000000000001, 0.0
1.891, 0.0
1.8920000000000001, 0.0
1.893, 0.0
1.8940000000000001, 0.0
1.895, 0.0
1.8960000000000001, 0.0
1.897, 0.0
1.8980000000000001, 0.0
1.899, 0.0
1.9000000000000001, 0.0
1.901, 0.0
1.9020000000000001, 0.0
1.903, 0.0
1.9040000000000001, 0.0
1.905, 0.0
1.9060000000000001, 0.0
1.907, 0.0
1.9080000000000001, 0.0
1.909, 0.0
1.9100000000000001, 0.0
1.911, 0.0
1.9120000000000001, 0.0
1.913, 0.0
1.9140000000000001, 0.0
1.915, 0.0
1.9160000000000001, 0.0
1.917, 0.0
1.9180000000000001, 0.0
1.919, 0.0
1.92, 0.0
1.921, 0.0
1.922, 0.0
1.923, 0.0
1.924, 0.0
1.925, 0.0
1.926, 0.0
1.927, 0.0
1.928, 0.0
1.929, 0.0
1.93, 0.0
1.931, 0.0
1.932, 0.0
1.933, 0.0
1.934, 0.0
1.935, 0.0
1.936, 0.0
1.937, 0.0
1.938, 0.0
1.939, 0.0
1.94, 0.0
1.941, 0.0
1.942, 0.0
1.943, 0.0
1.944, 0.0
1.945, 0.0
1.946, 0.0
1.947, 0.0
1.948, 0.0
1.949, 0.0
1.95, 0.0
1.951, 0.0
1.952, 0.0
1.953, 0.0
1.954, 0.0
1.955, 0.0
1.956, 0.0
1.957, 0.0
1.958, 0.0
1.959, 0.0
1.96, 0.0
1.961, 0.0
1.962, 0.0
1.963, 0.0
1.964, 0.0
1.965, 0.0
1.966, 0.0
1.967, 0.0
1.968, 0.0
1.969, 0.0
1.97, 0.0
1.971, 0.0
1.972, 0.0
1.973, 0.0
1.974, 0.0
1.975, 0.0
1.976, 0.0
1.977, 0.0
1.978, 0.0
1.979, 0.0
1.98, 0.0
1.981, 0.0
1.982, 0.0
1.983, 0.0
1.984, 0.0
1.985, 0.0
1.986, 0.0
1.987, 0.0
1.988, 0.0
1.989, 0.0
1.99, 0.0
1.991, 0.0
1.992, 0.0
1.993, 0.0
1.994, 0.0
1.995, 0.0
1.996, 0.0
1.997, 0.0
1.998, 0.0
1.999, 0.0
2.0, 0.0

