# Atlas v1.4 - geometria del modello OpenRocket rocket.ork (alette wedge, Pro75)
# Posizioni misurate dalla punta dell'ogiva verso la coda.
# std = deviazione standard usata dalle Monte Carlo (0 = valore fisso)
name,value,std,unit,note
rocket_dry_mass,20.134,0.3,kg,!!!rckt wo motor 
rocket_dry_inertia_11,11.993,0.187,kg*m^2,perpendicolare all'asse !!!rckt wo motor 
rocket_dry_inertia_33,0.092,0.00122,kg*m^2,attorno all'asse !!!rckt wo motor 
center_of_mass_without_motor,164.717,0,m,razzo senza motore (OpenRocket 160.472 cm)
motor_position,3.20,0,m,uscita dell'ugello = coda del razzo (tail_position + tail_length)
radius,0.075,0.001,m, 
nose_length,0.44,0.001,m,ogiva LV-Haack 
nose_position,0,0,m, 
fin_number,3,0,-,
fin_span,0.195,0.0005,m,
fin_root_chord,0.350,0.0005,m,
fin_tip_chord,0.035,0.0005,m,
fin_position,2.710,0.005,m,inizio della root chord 
fin_sweep_angle,60.9,0.005,deg,
tail_top_radius,0.075,0.001,m, 
tail_bottom_radius,0.060,0.001,m, 
tail_length,0.556,0.001,m, 
tail_position,2.614,0.001,m, 
upper_button_position,0.529,0.005,m, 
lower_button_position,2.14,0.005,m, 
button_angular_position,0,0.01,deg, 
