time [s],thrust [N]
0,3467.46
0.001,3487.37
0.002,3487.99
0.003,3488.56
0.004,3489.13
0.005,3489.71
0.006,3490.28
0.007,3490.85
0.008,3491.42
0.009,3491.99
0.01,3492.56
0.011,3493.13
0.012,3493.7
0.013,3494.27
0.014,3494.84
0.015,3495.41
0.016,3495.98
0.017,3496.54
0.018,3497.11
0.019,3497.68
0.02,3498.25
0.021,3498.81
0.022,3499.38
0.023,3499.94
0.024,3500.51
0.025,3501.07
0.026,3501.64
0.027,3502.2
0.028,3502.77
0.029,3503.33
0.03,3503.9
0.031,3504.46
0.032,3505.02
0.033,3505.58
0.034,3506.15
0.035,3506.71
0.036,3507.27
0.037,3507.83
0.038,3508.39
0.039,3508.95
0.04,3509.51
0.041,3510.07
0.042,3510.63
0.043,3511.19
0.044,3511.75
0.045,3512.31
0.046,3512.86
0.047,3513.42
0.048,3513.98
0.049,3514.54
0.05,3515.09
0.051,3515.65
0.052,3516.21
0.053,3516.76
0.054,3517.32
0.055,3517.87
0.056,3518.43
0.057,3518.98
0.058,3519.53
0.059,3520.09
0.06,3520.64
0.061,3521.19
0.062,3521.75
0.063,3522.3
0.064,3522.85
0.065,3523.4
0.066,3523.95
0.067,3524.5
0.068,3525.05
0.069,3525.6
0.07,3526.15
0.071,3526.7
0.072,3527.25
0.073,3527.8
0.074,3528.35
0.075,3528.9
0.076,3529.44
0.077,3529.99
0.078,3530.54
0.079,3531.09
0.08,3531.63
0.081,3532.18
0.082,3532.72
0.083,3533.27
0.084,3533.81
0.085,3534.36
0.086,3534.9
0.087,3535.45
0.088,3535.99
0.089,3536.53
0.09,3537.08
0.091,3537.62
0.092,3538.16
0.093,3538.7
0.094,3539.24
0.095,3539.78
0.096,3540.32
0.097,3540.86
0.098,3541.4
0.099,3541.94
0.1,3542.48
0.101,3543.02
0.102,3543.56
0.103,3544.1
0.104,3544.64
0.105,3545.18
0.106,3545.71
0.107,3546.25
0.108,3546.79
0.109,3547.32
0.11,3547.86
0.111,3548.39
0.112,3548.93
0.113,3549.46
0.114,3550
0.115,3550.53
0.116,3551.07
0.117,3551.6
0.118,3552.13
0.119,3552.66
0.12,3553.2
0.121,3553.73
0.122,3554.26
0.123,3554.79
0.124,3555.32
0.125,3555.85
0.126,3556.38
0.127,3556.91
0.128,3557.44
0.129,3557.97
0.13,3558.5
0.131,3559.03
0.132,3559.56
0.133,3560.09
0.134,3560.61
0.135,3561.14
0.136,3561.67
0.137,3562.19
0.138,3562.72
0.139,3563.24
0.14,3563.77
0.141,3564.29
0.142,3564.82
0.143,3565.34
0.144,3565.87
0.145,3566.39
0.146,3566.91
0.147,3567.44
0.148,3567.96
0.149,3568.48
0.15,3569
0.151,3569.53
0.152,3570.05
0.153,3570.57
0.154,3571.09
0.155,3571.61
0.156,3572.13
0.157,3572.65
0.158,3573.17
0.159,3573.68
0.16,3574.2
0.161,3574.72
0.162,3575.24
0.163,3575.75
0.164,3576.27
0.165,3576.79
0.166,3577.3
0.167,3577.82
0.168,3578.34
0.169,3578.85
0.17,3579.37
0.171,3579.88
0.172,3580.39
0.173,3580.91
0.174,3581.42
0.175,3581.93
0.176,3582.45
0.177,3582.96
0.178,3583.47
0.179,3583.98
0.18,3584.49
0.181,3585
0.182,3585.51
0.183,3586.02
0.184,3586.53
0.185,3587.04
0.186,3587.55
0.187,3588.06
0.188,3588.57
0.189,3589.08
0.19,3589.59
0.191,3590.09
0.192,3590.6
0.193,3591.11
0.194,3591.61
0.195,3592.12
0.196,3592.62
0.197,3593.13
0.198,3593.63
0.199,3594.14
0.2,3594.64
0.201,3595.15
0.202,3595.65
0.203,3596.15
0.204,3596.66
0.205,3597.16
0.206,3597.66
0.207,3598.16
0.208,3598.66
0.209,3599.16
0.21,3599.66
0.211,3600.16
0.212,3600.66
0.213,3601.16
0.214,3601.66
0.215,3602.16
0.216,3602.66
0.217,3603.16
0.218,3603.66
0.219,3604.15
0.22,3604.65
0.221,3605.15
0.222,3605.64
0.223,3606.14
0.224,3606.63
0.225,3607.13
0.226,3607.62
0.227,3608.12
0.228,3608.61
0.229,3609.11
0.23,3609.6
0.231,3610.09
0.232,3610.59
0.233,3611.08
0.234,3611.57
0.235,3612.06
0.236,3612.55
0.237,3613.04
0.238,3613.53
0.239,3614.02
0.24,3614.51
0.241,3615
0.242,3615.49
0.243,3615.98
0.244,3616.47
0.245,3616.96
0.246,3617.45
0.247,3617.93
0.248,3618.42
0.249,3618.91
0.25,3619.39
0.251,3619.88
0.252,3620.36
0.253,3620.85
0.254,3621.33
0.255,3621.82
0.256,3622.3
0.257,3622.79
0.258,3623.27
0.259,3623.75
0.26,3624.24
0.261,3624.72
0.262,3625.2
0.263,3625.68
0.264,3626.16
0.265,3626.64
0.266,3627.12
0.267,3627.6
0.268,3628.08
0.269,3628.56
0.27,3629.04
0.271,3629.52
0.272,3630
0.273,3630.48
0.274,3630.96
0.275,3631.43
0.276,3631.91
0.277,3632.39
0.278,3632.86
0.279,3633.34
0.28,3633.81
0.281,3634.29
0.282,3634.76
0.283,3635.24
0.284,3635.71
0.285,3636.18
0.286,3636.66
0.287,3637.13
0.288,3637.6
0.289,3638.08
0.29,3638.55
0.291,3639.02
0.292,3639.49
0.293,3639.96
0.294,3640.43
0.295,3640.9
0.296,3641.37
0.297,3641.84
0.298,3642.31
0.299,3642.78
0.3,3643.25
0.301,3643.71
0.302,3644.18
0.303,3644.65
0.304,3645.12
0.305,3645.58
0.306,3646.05
0.307,3646.51
0.308,3646.98
0.309,3647.44
0.31,3647.91
0.311,3648.37
0.312,3648.84
0.313,3649.3
0.314,3649.76
0.315,3650.23
0.316,3650.69
0.317,3651.15
0.318,3651.61
0.319,3652.07
0.32,3652.53
0.321,3652.99
0.322,3653.45
0.323,3653.91
0.324,3654.37
0.325,3654.83
0.326,3655.29
0.327,3655.75
0.328,3656.21
0.329,3656.67
0.33,3657.12
0.331,3657.58
0.332,3658.04
0.333,3658.49
0.334,3658.95
0.335,3659.4
0.336,3659.86
0.337,3660.31
0.338,3660.77
0.339,3661.22
0.34,3661.68
0.341,3662.13
0.342,3662.58
0.343,3663.04
0.344,3663.49
0.345,3663.94
0.346,3664.39
0.347,3664.84
0.348,3665.29
0.349,3665.74
0.35,3666.19
0.351,3666.64
0.352,3667.09
0.353,3667.54
0.354,3667.99
0.355,3668.44
0.356,3668.89
0.357,3669.33
0.358,3669.78
0.359,3670.23
0.36,3670.67
0.361,3671.12
0.362,3671.57
0.363,3672.01
0.364,3672.46
0.365,3672.9
0.366,3673.34
0.367,3673.79
0.368,3674.23
0.369,3674.67
0.37,3675.12
0.371,3675.56
0.372,3676
0.373,3676.44
0.374,3676.88
0.375,3677.33
0.376,3677.77
0.377,3678.21
0.378,3678.65
0.379,3679.08
0.38,3679.52
0.381,3679.96
0.382,3680.4
0.383,3680.84
0.384,3681.28
0.385,3681.71
0.386,3682.15
0.387,3682.59
0.388,3683.02
0.389,3683.46
0.39,3683.89
0.391,3684.33
0.392,3684.76
0.393,3685.2
0.394,3685.63
0.395,3686.07
0.396,3686.5
0.397,3686.93
0.398,3687.36
0.399,3687.8
0.4,3688.23
0.401,3688.66
0.402,3689.09
0.403,3689.52
0.404,3689.95
0.405,3690.38
0.406,3690.81
0.407,3691.24
0.408,3691.67
0.409,3692.1
0.41,3692.52
0.411,3692.95
0.412,3693.38
0.413,3693.81
0.414,3694.23
0.415,3694.66
0.416,3695.09
0.417,3695.51
0.418,3695.94
0.419,3696.36
0.42,3696.78
0.421,3697.21
0.422,3697.63
0.423,3698.06
0.424,3698.48
0.425,3698.9
0.426,3699.32
0.427,3699.75
0.428,3700.17
0.429,3700.59
0.43,3701.01
0.431,3701.43
0.432,3701.85
0.433,3702.27
0.434,3702.69
0.435,3703.11
0.436,3703.52
0.437,3703.94
0.438,3704.36
0.439,3704.78
0.44,3705.19
0.441,3705.61
0.442,3706.03
0.443,3706.44
0.444,3706.86
0.445,3707.27
0.446,3707.69
0.447,3708.1
0.448,3708.52
0.449,3708.93
0.45,3709.34
0.451,3709.76
0.452,3710.17
0.453,3710.58
0.454,3710.99
0.455,3711.4
0.456,3711.82
0.457,3712.23
0.458,3712.64
0.459,3713.05
0.46,3713.46
0.461,3713.87
0.462,3714.27
0.463,3714.68
0.464,3715.09
0.465,3715.5
0.466,3715.91
0.467,3716.31
0.468,3716.72
0.469,3717.13
0.47,3717.53
0.471,3717.94
0.472,3718.34
0.473,3718.75
0.474,3719.15
0.475,3719.56
0.476,3719.96
0.477,3720.36
0.478,3720.77
0.479,3721.17
0.48,3721.57
0.481,3721.97
0.482,3722.37
0.483,3722.77
0.484,3723.17
0.485,3723.57
0.486,3723.97
0.487,3724.37
0.488,3724.77
0.489,3725.17
0.49,3725.57
0.491,3725.97
0.492,3726.37
0.493,3726.76
0.494,3727.16
0.495,3727.56
0.496,3727.95
0.497,3728.35
0.498,3728.74
0.499,3729.14
0.5,3729.53
0.501,3729.93
0.502,3730.32
0.503,3730.72
0.504,3731.11
0.505,3731.5
0.506,3731.9
0.507,3732.29
0.508,3732.68
0.509,3733.07
0.51,3733.46
0.511,3733.85
0.512,3734.24
0.513,3734.63
0.514,3735.02
0.515,3735.41
0.516,3735.8
0.517,3736.19
0.518,3736.58
0.519,3736.96
0.52,3737.35
0.521,3737.74
0.522,3738.12
0.523,3738.51
0.524,3738.9
0.525,3739.28
0.526,3739.67
0.527,3740.05
0.528,3740.44
0.529,3740.82
0.53,3741.2
0.531,3741.59
0.532,3741.97
0.533,3742.35
0.534,3742.73
0.535,3743.12
0.536,3743.5
0.537,3743.88
0.538,3744.26
0.539,3744.64
0.54,3745.02
0.541,3745.4
0.542,3745.78
0.543,3746.16
0.544,3746.53
0.545,3746.91
0.546,3747.29
0.547,3747.67
0.548,3748.04
0.549,3748.42
0.55,3748.8
0.551,3749.17
0.552,3749.55
0.553,3749.92
0.554,3750.3
0.555,3750.67
0.556,3751.04
0.557,3751.42
0.558,3751.79
0.559,3752.16
0.56,3752.54
0.561,3752.91
0.562,3753.28
0.563,3753.65
0.564,3754.02
0.565,3754.39
0.566,3754.76
0.567,3755.13
0.568,3755.5
0.569,3755.87
0.57,3756.24
0.571,3756.61
0.572,3756.97
0.573,3757.34
0.574,3757.71
0.575,3758.08
0.576,3758.44
0.577,3758.81
0.578,3759.17
0.579,3759.54
0.58,3759.9
0.581,3760.27
0.582,3760.63
0.583,3761
0.584,3761.36
0.585,3761.72
0.586,3762.08
0.587,3762.45
0.588,3762.81
0.589,3763.17
0.59,3763.53
0.591,3763.89
0.592,3764.25
0.593,3764.61
0.594,3764.97
0.595,3765.33
0.596,3765.69
0.597,3766.05
0.598,3766.41
0.599,3766.76
0.6,3767.12
0.601,3767.48
0.602,3767.83
0.603,3768.19
0.604,3768.55
0.605,3768.9
0.606,3769.26
0.607,3769.61
0.608,3769.97
0.609,3770.32
0.61,3770.67
0.611,3771.03
0.612,3771.38
0.613,3771.73
0.614,3772.08
0.615,3772.44
0.616,3772.79
0.617,3773.14
0.618,3773.49
0.619,3773.84
0.62,3774.19
0.621,3774.54
0.622,3774.89
0.623,3775.24
0.624,3775.58
0.625,3775.93
0.626,3776.28
0.627,3776.63
0.628,3776.97
0.629,3777.32
0.63,3777.67
0.631,3778.01
0.632,3778.36
0.633,3778.7
0.634,3779.05
0.635,3779.39
0.636,3779.73
0.637,3780.08
0.638,3780.42
0.639,3780.76
0.64,3781.11
0.641,3781.45
0.642,3781.79
0.643,3782.13
0.644,3782.47
0.645,3782.81
0.646,3783.15
0.647,3783.49
0.648,3783.83
0.649,3784.17
0.65,3784.51
0.651,3784.85
0.652,3785.18
0.653,3785.52
0.654,3785.86
0.655,3786.2
0.656,3786.53
0.657,3786.87
0.658,3787.2
0.659,3787.54
0.66,3787.87
0.661,3788.21
0.662,3788.54
0.663,3788.87
0.664,3789.21
0.665,3789.54
0.666,3789.87
0.667,3790.21
0.668,3790.54
0.669,3790.87
0.67,3791.2
0.671,3791.53
0.672,3791.86
0.673,3792.19
0.674,3792.52
0.675,3792.85
0.676,3793.18
0.677,3793.51
0.678,3793.83
0.679,3794.16
0.68,3794.49
0.681,3794.81
0.682,3795.14
0.683,3795.47
0.684,3795.79
0.685,3796.12
0.686,3796.44
0.687,3796.77
0.688,3797.09
0.689,3797.42
0.69,3797.74
0.691,3798.06
0.692,3798.38
0.693,3798.71
0.694,3799.03
0.695,3799.35
0.696,3799.67
0.697,3799.99
0.698,3800.31
0.699,3800.63
0.7,3800.95
0.701,3801.27
0.702,3801.59
0.703,3801.91
0.704,3802.23
0.705,3802.55
0.706,3802.86
0.707,3803.18
0.708,3803.5
0.709,3803.81
0.71,3804.13
0.711,3804.44
0.712,3804.76
0.713,3805.07
0.714,3805.39
0.715,3805.7
0.716,3806.02
0.717,3806.33
0.718,3806.64
0.719,3806.95
0.72,3807.27
0.721,3807.58
0.722,3807.89
0.723,3808.2
0.724,3808.51
0.725,3808.82
0.726,3809.13
0.727,3809.44
0.728,3809.75
0.729,3810.06
0.73,3810.37
0.731,3810.67
0.732,3810.98
0.733,3811.29
0.734,3811.59
0.735,3811.9
0.736,3812.21
0.737,3812.51
0.738,3812.82
0.739,3813.12
0.74,3813.43
0.741,3813.73
0.742,3814.04
0.743,3814.34
0.744,3814.64
0.745,3814.94
0.746,3815.25
0.747,3815.55
0.748,3815.85
0.749,3816.15
0.75,3816.45
0.751,3816.75
0.752,3817.05
0.753,3817.35
0.754,3817.65
0.755,3817.95
0.756,3818.25
0.757,3818.55
0.758,3818.84
0.759,3819.14
0.76,3819.44
0.761,3819.73
0.762,3820.03
0.763,3820.33
0.764,3820.62
0.765,3820.92
0.766,3821.21
0.767,3821.51
0.768,3821.8
0.769,3822.09
0.77,3822.39
0.771,3822.68
0.772,3822.97
0.773,3823.26
0.774,3823.55
0.775,3823.85
0.776,3824.14
0.777,3824.43
0.778,3824.72
0.779,3825.01
0.78,3825.3
0.781,3825.58
0.782,3825.87
0.783,3826.16
0.784,3826.45
0.785,3826.74
0.786,3827.02
0.787,3827.31
0.788,3827.6
0.789,3827.88
0.79,3828.17
0.791,3828.45
0.792,3828.74
0.793,3829.02
0.794,3829.31
0.795,3829.59
0.796,3829.87
0.797,3830.16
0.798,3830.44
0.799,3830.72
0.8,3831
0.801,3831.28
0.802,3831.56
0.803,3831.85
0.804,3832.13
0.805,3832.41
0.806,3832.68
0.807,3832.96
0.808,3833.24
0.809,3833.52
0.81,3833.8
0.811,3834.08
0.812,3834.35
0.813,3834.63
0.814,3834.91
0.815,3835.18
0.816,3835.46
0.817,3835.73
0.818,3836.01
0.819,3836.28
0.82,3836.56
0.821,3836.83
0.822,3837.1
0.823,3837.38
0.824,3837.65
0.825,3837.92
0.826,3838.19
0.827,3838.47
0.828,3838.74
0.829,3839.01
0.83,3839.28
0.831,3839.55
0.832,3839.82
0.833,3840.09
0.834,3840.35
0.835,3840.62
0.836,3840.89
0.837,3841.16
0.838,3841.43
0.839,3841.69
0.84,3841.96
0.841,3842.23
0.842,3842.49
0.843,3842.76
0.844,3843.02
0.845,3843.29
0.846,3843.55
0.847,3843.81
0.848,3844.08
0.849,3844.34
0.85,3844.6
0.851,3844.87
0.852,3845.13
0.853,3845.39
0.854,3845.65
0.855,3845.91
0.856,3846.17
0.857,3846.43
0.858,3846.69
0.859,3846.95
0.86,3847.21
0.861,3847.47
0.862,3847.73
0.863,3847.98
0.864,3848.24
0.865,3848.5
0.866,3848.76
0.867,3849.01
0.868,3849.27
0.869,3849.52
0.87,3849.78
0.871,3850.03
0.872,3850.29
0.873,3850.54
0.874,3850.79
0.875,3851.05
0.876,3851.3
0.877,3851.55
0.878,3851.81
0.879,3852.06
0.88,3852.31
0.881,3852.56
0.882,3852.81
0.883,3853.06
0.884,3853.31
0.885,3853.56
0.886,3853.81
0.887,3854.06
0.888,3854.3
0.889,3854.55
0.89,3854.8
0.891,3855.05
0.892,3855.29
0.893,3855.54
0.894,3855.79
0.895,3856.03
0.896,3856.28
0.897,3856.52
0.898,3856.77
0.899,3857.01
0.9,3857.25
0.901,3857.5
0.902,3857.74
0.903,3857.98
0.904,3858.23
0.905,3858.47
0.906,3858.71
0.907,3858.95
0.908,3859.19
0.909,3859.43
0.91,3859.67
0.911,3859.91
0.912,3860.15
0.913,3860.39
0.914,3860.63
0.915,3860.86
0.916,3861.1
0.917,3861.34
0.918,3861.58
0.919,3861.81
0.92,3862.05
0.921,3862.28
0.922,3862.52
0.923,3862.75
0.924,3862.99
0.925,3863.22
0.926,3863.46
0.927,3863.69
0.928,3863.92
0.929,3864.16
0.93,3864.39
0.931,3864.62
0.932,3864.85
0.933,3865.08
0.934,3865.31
0.935,3865.54
0.936,3865.77
0.937,3866
0.938,3866.23
0.939,3866.46
0.94,3866.69
0.941,3866.92
0.942,3867.14
0.943,3867.37
0.944,3867.6
0.945,3867.83
0.946,3868.05
0.947,3868.28
0.948,3868.5
0.949,3868.73
0.95,3868.95
0.951,3869.18
0.952,3869.4
0.953,3869.62
0.954,3869.85
0.955,3870.07
0.956,3870.29
0.957,3870.51
0.958,3870.74
0.959,3870.96
0.96,3871.18
0.961,3871.4
0.962,3871.62
0.963,3871.84
0.964,3872.06
0.965,3872.28
0.966,3872.5
0.967,3872.71
0.968,3872.93
0.969,3873.15
0.97,3873.37
0.971,3873.58
0.972,3873.8
0.973,3874.01
0.974,3874.23
0.975,3874.45
0.976,3874.66
0.977,3874.87
0.978,3875.09
0.979,3875.3
0.98,3875.52
0.981,3875.73
0.982,3875.94
0.983,3876.15
0.984,3876.36
0.985,3876.58
0.986,3876.79
0.987,3877
0.988,3877.21
0.989,3877.42
0.99,3877.63
0.991,3877.84
0.992,3878.04
0.993,3878.25
0.994,3878.46
0.995,3878.67
0.996,3878.87
0.997,3879.08
0.998,3879.29
0.999,3879.49
1,3879.7
1.001,3879.9
1.002,3880.11
1.003,3880.31
1.004,3880.52
1.005,3880.72
1.006,3880.93
1.007,3881.13
1.008,3881.33
1.009,3881.53
1.01,3881.73
1.011,3881.94
1.012,3882.14
1.013,3882.34
1.014,3882.54
1.015,3882.74
1.016,3882.94
1.017,3883.14
1.018,3883.34
1.019,3883.53
1.02,3883.73
1.021,3883.93
1.022,3884.13
1.023,3884.32
1.024,3884.52
1.025,3884.72
1.026,3884.91
1.027,3885.11
1.028,3885.3
1.029,3885.5
1.03,3885.69
1.031,3885.88
1.032,3886.08
1.033,3886.27
1.034,3886.46
1.035,3886.66
1.036,3886.85
1.037,3887.04
1.038,3887.23
1.039,3887.42
1.04,3887.61
1.041,3887.8
1.042,3887.99
1.043,3888.18
1.044,3888.37
1.045,3888.56
1.046,3888.75
1.047,3888.93
1.048,3889.12
1.049,3889.31
1.05,3889.49
1.051,3889.68
1.052,3889.87
1.053,3890.05
1.054,3890.24
1.055,3890.42
1.056,3890.61
1.057,3890.79
1.058,3890.97
1.059,3891.16
1.06,3891.34
1.061,3891.52
1.062,3891.7
1.063,3891.89
1.064,3892.07
1.065,3892.25
1.066,3892.43
1.067,3892.61
1.068,3892.79
1.069,3892.97
1.07,3893.15
1.071,3893.33
1.072,3893.5
1.073,3893.68
1.074,3893.86
1.075,3894.04
1.076,3894.21
1.077,3894.39
1.078,3894.56
1.079,3894.74
1.08,3894.92
1.081,3895.09
1.082,3895.26
1.083,3895.44
1.084,3895.61
1.085,3895.79
1.086,3895.96
1.087,3896.13
1.088,3896.3
1.089,3896.48
1.09,3896.65
1.091,3896.82
1.092,3896.99
1.093,3897.16
1.094,3897.33
1.095,3897.5
1.096,3897.67
1.097,3897.84
1.098,3898
1.099,3898.17
1.1,3898.34
1.101,3898.51
1.102,3898.67
1.103,3898.84
1.104,3899.01
1.105,3899.17
1.106,3899.34
1.107,3899.5
1.108,3899.67
1.109,3899.83
1.11,3899.99
1.111,3900.16
1.112,3900.32
1.113,3900.48
1.114,3900.65
1.115,3900.81
1.116,3900.97
1.117,3901.13
1.118,3901.29
1.119,3901.45
1.12,3901.61
1.121,3901.77
1.122,3901.93
1.123,3902.09
1.124,3902.25
1.125,3902.41
1.126,3902.56
1.127,3902.72
1.128,3902.88
1.129,3903.03
1.13,3903.19
1.131,3903.35
1.132,3903.5
1.133,3903.66
1.134,3903.81
1.135,3903.97
1.136,3904.12
1.137,3904.27
1.138,3904.43
1.139,3904.58
1.14,3904.73
1.141,3904.88
1.142,3905.04
1.143,3905.19
1.144,3905.34
1.145,3905.49
1.146,3905.64
1.147,3905.79
1.148,3905.94
1.149,3906.09
1.15,3906.23
1.151,3906.38
1.152,3906.53
1.153,3906.68
1.154,3906.83
1.155,3906.97
1.156,3907.12
1.157,3907.26
1.158,3907.41
1.159,3907.56
1.16,3907.7
1.161,3907.84
1.162,3907.99
1.163,3908.13
1.164,3908.28
1.165,3908.42
1.166,3908.56
1.167,3908.7
1.168,3908.85
1.169,3908.99
1.17,3909.13
1.171,3909.27
1.172,3909.41
1.173,3909.55
1.174,3909.69
1.175,3909.83
1.176,3909.97
1.177,3910.1
1.178,3910.24
1.179,3910.38
1.18,3910.52
1.181,3910.65
1.182,3910.79
1.183,3910.93
1.184,3911.06
1.185,3911.2
1.186,3911.33
1.187,3911.47
1.188,3911.6
1.189,3911.74
1.19,3911.87
1.191,3912
1.192,3912.13
1.193,3912.27
1.194,3912.4
1.195,3912.53
1.196,3912.66
1.197,3912.79
1.198,3912.92
1.199,3913.05
1.2,3913.18
1.201,3913.31
1.202,3913.44
1.203,3913.57
1.204,3913.7
1.205,3913.83
1.206,3913.95
1.207,3914.08
1.208,3914.21
1.209,3914.33
1.21,3914.46
1.211,3914.58
1.212,3914.71
1.213,3914.83
1.214,3914.96
1.215,3915.08
1.216,3915.21
1.217,3915.33
1.218,3915.45
1.219,3915.57
1.22,3915.7
1.221,3915.82
1.222,3915.94
1.223,3916.06
1.224,3916.18
1.225,3916.3
1.226,3916.42
1.227,3916.54
1.228,3916.66
1.229,3916.78
1.23,3916.9
1.231,3917.02
1.232,3917.13
1.233,3917.25
1.234,3917.37
1.235,3917.48
1.236,3917.6
1.237,3917.72
1.238,3917.83
1.239,3917.95
1.24,3918.06
1.241,3918.17
1.242,3918.29
1.243,3918.4
1.244,3918.51
1.245,3918.63
1.246,3918.74
1.247,3918.85
1.248,3918.96
1.249,3919.07
1.25,3919.19
1.251,3919.3
1.252,3919.41
1.253,3919.52
1.254,3919.62
1.255,3919.73
1.256,3919.84
1.257,3919.95
1.258,3920.06
1.259,3920.17
1.26,3920.27
1.261,3920.38
1.262,3920.49
1.263,3920.59
1.264,3920.7
1.265,3920.8
1.266,3920.91
1.267,3921.01
1.268,3921.12
1.269,3921.22
1.27,3921.32
1.271,3921.43
1.272,3921.53
1.273,3921.63
1.274,3921.73
1.275,3921.83
1.276,3921.93
1.277,3922.03
1.278,3922.14
1.279,3922.23
1.28,3922.33
1.281,3922.43
1.282,3922.53
1.283,3922.63
1.284,3922.73
1.285,3922.83
1.286,3922.92
1.287,3923.02
1.288,3923.12
1.289,3923.21
1.29,3923.31
1.291,3923.4
1.292,3923.5
1.293,3923.59
1.294,3923.69
1.295,3923.78
1.296,3923.88
1.297,3923.97
1.298,3924.06
1.299,3924.15
1.3,3924.25
1.301,3924.34
1.302,3924.43
1.303,3924.52
1.304,3924.61
1.305,3924.7
1.306,3924.79
1.307,3924.88
1.308,3924.97
1.309,3925.06
1.31,3925.15
1.311,3925.23
1.312,3925.32
1.313,3925.41
1.314,3925.49
1.315,3925.58
1.316,3925.67
1.317,3925.75
1.318,3925.84
1.319,3925.92
1.32,3926.01
1.321,3926.09
1.322,3926.17
1.323,3926.26
1.324,3926.34
1.325,3926.42
1.326,3926.51
1.327,3926.59
1.328,3926.67
1.329,3926.75
1.33,3926.83
1.331,3926.91
1.332,3926.99
1.333,3927.07
1.334,3927.15
1.335,3927.23
1.336,3927.31
1.337,3927.39
1.338,3927.46
1.339,3927.54
1.34,3927.62
1.341,3927.69
1.342,3927.77
1.343,3927.85
1.344,3927.92
1.345,3928
1.346,3928.07
1.347,3928.15
1.348,3928.22
1.349,3928.29
1.35,3928.37
1.351,3928.44
1.352,3928.51
1.353,3928.58
1.354,3928.66
1.355,3928.73
1.356,3928.8
1.357,3928.87
1.358,3928.94
1.359,3929.01
1.36,3929.08
1.361,3929.15
1.362,3929.22
1.363,3929.29
1.364,3929.35
1.365,3929.42
1.366,3929.49
1.367,3929.56
1.368,3929.62
1.369,3929.69
1.37,3929.75
1.371,3929.82
1.372,3929.88
1.373,3929.95
1.374,3930.01
1.375,3930.08
1.376,3930.14
1.377,3930.2
1.378,3930.27
1.379,3930.33
1.38,3930.39
1.381,3930.45
1.382,3930.51
1.383,3930.57
1.384,3930.64
1.385,3930.7
1.386,3930.76
1.387,3930.81
1.388,3930.87
1.389,3930.93
1.39,3930.99
1.391,3931.05
1.392,3931.11
1.393,3931.16
1.394,3931.22
1.395,3931.28
1.396,3931.33
1.397,3931.39
1.398,3931.44
1.399,3931.5
1.4,3931.55
1.401,3931.61
1.402,3931.66
1.403,3931.72
1.404,3931.77
1.405,3931.82
1.406,3931.87
1.407,3931.93
1.408,3931.98
1.409,3932.03
1.41,3932.08
1.411,3932.13
1.412,3932.18
1.413,3932.23
1.414,3932.28
1.415,3932.33
1.416,3932.38
1.417,3932.42
1.418,3932.47
1.419,3932.52
1.42,3932.57
1.421,3932.61
1.422,3932.66
1.423,3932.71
1.424,3932.75
1.425,3932.8
1.426,3932.84
1.427,3932.89
1.428,3932.93
1.429,3932.97
1.43,3933.02
1.431,3933.06
1.432,3933.1
1.433,3933.15
1.434,3933.19
1.435,3933.23
1.436,3933.27
1.437,3933.31
1.438,3933.35
1.439,3933.39
1.44,3933.43
1.441,3933.47
1.442,3933.51
1.443,3933.55
1.444,3933.59
1.445,3933.63
1.446,3933.66
1.447,3933.7
1.448,3933.74
1.449,3933.77
1.45,3933.81
1.451,3933.84
1.452,3933.88
1.453,3933.91
1.454,3933.95
1.455,3933.98
1.456,3934.02
1.457,3934.05
1.458,3934.08
1.459,3934.12
1.46,3934.15
1.461,3934.18
1.462,3934.21
1.463,3934.24
1.464,3934.27
1.465,3934.3
1.466,3934.33
1.467,3934.36
1.468,3934.39
1.469,3934.42
1.47,3934.45
1.471,3934.48
1.472,3934.51
1.473,3934.53
1.474,3934.56
1.475,3934.59
1.476,3934.62
1.477,3934.64
1.478,3934.67
1.479,3934.69
1.48,3934.72
1.481,3934.74
1.482,3934.77
1.483,3934.79
1.484,3934.81
1.485,3934.84
1.486,3934.86
1.487,3934.88
1.488,3934.9
1.489,3934.92
1.49,3934.95
1.491,3934.97
1.492,3934.99
1.493,3935.01
1.494,3935.03
1.495,3935.05
1.496,3935.07
1.497,3935.08
1.498,3935.1
1.499,3935.12
1.5,3935.14
1.501,3935.15
1.502,3935.17
1.503,3935.19
1.504,3935.2
1.505,3935.22
1.506,3935.24
1.507,3935.25
1.508,3935.26
1.509,3935.28
1.51,3935.29
1.511,3935.31
1.512,3935.32
1.513,3935.33
1.514,3935.34
1.515,3935.36
1.516,3935.37
1.517,3935.38
1.518,3935.39
1.519,3935.4
1.52,3935.41
1.521,3935.42
1.522,3935.43
1.523,3935.44
1.524,3935.45
1.525,3935.46
1.526,3935.46
1.527,3935.47
1.528,3935.48
1.529,3935.49
1.53,3935.49
1.531,3935.5
1.532,3935.5
1.533,3935.51
1.534,3935.51
1.535,3935.52
1.536,3935.52
1.537,3935.53
1.538,3935.53
1.539,3935.53
1.54,3935.54
1.541,3935.54
1.542,3935.54
1.543,3935.54
1.544,3935.54
1.545,3935.55
1.546,3935.55
1.547,3935.55
1.548,3935.55
1.549,3935.55
1.55,3935.55
1.551,3935.54
1.552,3935.54
1.553,3935.54
1.554,3935.54
1.555,3935.54
1.556,3935.53
1.557,3935.53
1.558,3935.53
1.559,3935.52
1.56,3935.52
1.561,3935.51
1.562,3935.51
1.563,3935.5
1.564,3935.5
1.565,3935.49
1.566,3935.48
1.567,3935.47
1.568,3935.47
1.569,3935.46
1.57,3935.45
1.571,3935.44
1.572,3935.43
1.573,3935.42
1.574,3935.42
1.575,3935.41
1.576,3935.39
1.577,3935.38
1.578,3935.37
1.579,3935.36
1.58,3935.35
1.581,3935.34
1.582,3935.33
1.583,3935.31
1.584,3935.3
1.585,3935.29
1.586,3935.27
1.587,3935.26
1.588,3935.24
1.589,3935.23
1.59,3935.21
1.591,3935.2
1.592,3935.18
1.593,3935.16
1.594,3935.15
1.595,3935.13
1.596,3935.11
1.597,3935.09
1.598,3935.07
1.599,3935.06
1.6,3935.04
1.601,3935.02
1.602,3935
1.603,3934.98
1.604,3934.96
1.605,3934.94
1.606,3934.91
1.607,3934.89
1.608,3934.87
1.609,3934.85
1.61,3934.83
1.611,3934.8
1.612,3934.78
1.613,3934.76
1.614,3934.73
1.615,3934.71
1.616,3934.68
1.617,3934.66
1.618,3934.63
1.619,3934.61
1.62,3934.58
1.621,3934.55
1.622,3934.52
1.623,3934.5
1.624,3934.47
1.625,3934.44
1.626,3934.41
1.627,3934.38
1.628,3934.35
1.629,3934.32
1.63,3934.29
1.631,3934.26
1.632,3934.23
1.633,3934.2
1.634,3934.17
1.635,3934.14
1.636,3934.11
1.637,3934.07
1.638,3934.04
1.639,3934.01
1.64,3933.98
1.641,3933.94
1.642,3933.91
1.643,3933.87
1.644,3933.84
1.645,3933.8
1.646,3933.77
1.647,3933.73
1.648,3933.69
1.649,3933.66
1.65,3933.62
1.651,3933.58
1.652,3933.54
1.653,3933.51
1.654,3933.47
1.655,3933.43
1.656,3933.39
1.657,3933.35
1.658,3933.31
1.659,3933.27
1.66,3933.23
1.661,3933.19
1.662,3933.14
1.663,3933.1
1.664,3933.06
1.665,3933.02
1.666,3932.97
1.667,3932.93
1.668,3932.89
1.669,3932.84
1.67,3932.8
1.671,3932.75
1.672,3932.71
1.673,3932.66
1.674,3932.62
1.675,3932.57
1.676,3932.52
1.677,3932.48
1.678,3932.43
1.679,3932.38
1.68,3932.33
1.681,3932.29
1.682,3932.24
1.683,3932.19
1.684,3932.14
1.685,3932.09
1.686,3932.04
1.687,3931.99
1.688,3931.94
1.689,3931.89
1.69,3931.83
1.691,3931.78
1.692,3931.73
1.693,3931.68
1.694,3931.62
1.695,3931.57
1.696,3931.52
1.697,3931.46
1.698,3931.41
1.699,3931.35
1.7,3931.3
1.701,3931.24
1.702,3931.19
1.703,3931.13
1.704,3931.07
1.705,3931.02
1.706,3930.96
1.707,3930.9
1.708,3930.84
1.709,3930.78
1.71,3930.72
1.711,3930.67
1.712,3930.61
1.713,3930.55
1.714,3930.49
1.715,3930.43
1.716,3930.36
1.717,3930.3
1.718,3930.24
1.719,3930.18
1.72,3930.12
1.721,3930.05
1.722,3929.99
1.723,3929.93
1.724,3929.86
1.725,3929.8
1.726,3929.73
1.727,3929.67
1.728,3929.6
1.729,3929.54
1.73,3929.47
1.731,3929.41
1.732,3929.34
1.733,3929.27
1.734,3929.21
1.735,3929.14
1.736,3929.07
1.737,3929
1.738,3928.93
1.739,3928.86
1.74,3928.79
1.741,3928.72
1.742,3928.65
1.743,3928.58
1.744,3928.51
1.745,3928.44
1.746,3928.37
1.747,3928.3
1.748,3928.22
1.749,3928.15
1.75,3928.08
1.751,3928
1.752,3927.93
1.753,3927.86
1.754,3927.78
1.755,3927.71
1.756,3927.63
1.757,3927.56
1.758,3927.48
1.759,3927.4
1.76,3927.33
1.761,3927.25
1.762,3927.17
1.763,3927.1
1.764,3927.02
1.765,3926.94
1.766,3926.86
1.767,3926.78
1.768,3926.7
1.769,3926.62
1.77,3926.54
1.771,3926.46
1.772,3926.38
1.773,3926.3
1.774,3926.22
1.775,3926.13
1.776,3926.05
1.777,3925.97
1.778,3925.89
1.779,3925.8
1.78,3925.72
1.781,3925.64
1.782,3925.55
1.783,3925.47
1.784,3925.38
1.785,3925.3
1.786,3925.21
1.787,3925.12
1.788,3925.04
1.789,3924.95
1.79,3924.86
1.791,3924.77
1.792,3924.69
1.793,3924.6
1.794,3924.51
1.795,3924.42
1.796,3924.33
1.797,3924.24
1.798,3924.15
1.799,3924.06
1.8,3923.97
1.801,3923.88
1.802,3923.79
1.803,3923.69
1.804,3923.6
1.805,3923.51
1.806,3923.42
1.807,3923.32
1.808,3923.23
1.809,3923.14
1.81,3923.04
1.811,3922.95
1.812,3922.85
1.813,3922.76
1.814,3922.66
1.815,3922.56
1.816,3922.47
1.817,3922.37
1.818,3922.27
1.819,3922.18
1.82,3922.08
1.821,3921.98
1.822,3921.88
1.823,3921.78
1.824,3921.68
1.825,3921.58
1.826,3921.48
1.827,3921.38
1.828,3921.28
1.829,3921.18
1.83,3921.08
1.831,3920.98
1.832,3920.88
1.833,3920.77
1.834,3920.67
1.835,3920.57
1.836,3920.46
1.837,3920.36
1.838,3920.26
1.839,3920.15
1.84,3920.05
1.841,3919.94
1.842,3919.84
1.843,3919.73
1.844,3919.62
1.845,3919.52
1.846,3919.41
1.847,3919.3
1.848,3919.19
1.849,3919.09
1.85,3918.98
1.851,3918.87
1.852,3918.76
1.853,3918.65
1.854,3918.54
1.855,3918.43
1.856,3918.32
1.857,3918.21
1.858,3918.1
1.859,3917.99
1.86,3917.87
1.861,3917.76
1.862,3917.65
1.863,3917.54
1.864,3917.42
1.865,3917.31
1.866,3917.2
1.867,3917.08
1.868,3916.97
1.869,3916.85
1.87,3916.74
1.871,3916.62
1.872,3916.5
1.873,3916.39
1.874,3916.27
1.875,3916.15
1.876,3916.04
1.877,3915.92
1.878,3915.8
1.879,3915.68
1.88,3915.56
1.881,3915.44
1.882,3915.32
1.883,3915.2
1.884,3915.08
1.885,3914.96
1.886,3914.84
1.887,3914.72
1.888,3914.6
1.889,3914.48
1.89,3914.36
1.891,3914.23
1.892,3914.11
1.893,3913.99
1.894,3913.86
1.895,3913.74
1.896,3913.61
1.897,3913.49
1.898,3913.36
1.899,3913.24
1.9,3913.11
1.901,3912.99
1.902,3912.86
1.903,3912.73
1.904,3912.61
1.905,3912.48
1.906,3912.35
1.907,3912.22
1.908,3912.09
1.909,3911.96
1.91,3911.84
1.911,3911.71
1.912,3911.58
1.913,3911.45
1.914,3911.31
1.915,3911.18
1.916,3911.05
1.917,3910.92
1.918,3910.79
1.919,3910.66
1.92,3910.52
1.921,3910.39
1.922,3910.26
1.923,3910.12
1.924,3909.99
1.925,3909.85
1.926,3909.72
1.927,3909.58
1.928,3909.45
1.929,3909.31
1.93,3909.18
1.931,3909.04
1.932,3908.9
1.933,3908.77
1.934,3908.63
1.935,3908.49
1.936,3908.35
1.937,3908.21
1.938,3908.07
1.939,3907.93
1.94,3907.8
1.941,3907.66
1.942,3907.51
1.943,3907.37
1.944,3907.23
1.945,3907.09
1.946,3906.95
1.947,3906.81
1.948,3906.67
1.949,3906.52
1.95,3906.38
1.951,3906.24
1.952,3906.09
1.953,3905.95
1.954,3905.8
1.955,3905.66
1.956,3905.51
1.957,3905.37
1.958,3905.22
1.959,3905.08
1.96,3904.93
1.961,3904.78
1.962,3904.64
1.963,3904.49
1.964,3904.34
1.965,3904.19
1.966,3904.04
1.967,3903.89
1.968,3903.75
1.969,3903.6
1.97,3903.45
1.971,3903.3
1.972,3903.15
1.973,3902.99
1.974,3902.84
1.975,3902.69
1.976,3902.54
1.977,3902.39
1.978,3902.23
1.979,3902.08
1.98,3901.93
1.981,3901.77
1.982,3901.62
1.983,3901.47
1.984,3901.31
1.985,3901.16
1.986,3901
1.987,3900.84
1.988,3900.69
1.989,3900.53
1.99,3900.38
1.991,3900.22
1.992,3900.06
1.993,3899.9
1.994,3899.74
1.995,3899.59
1.996,3899.43
1.997,3899.27
1.998,3899.11
1.999,3898.95
2,3898.79
2.001,3898.63
2.002,3898.47
2.003,3898.31
2.004,3898.14
2.005,3897.98
2.006,3897.82
2.007,3897.66
2.008,3897.5
2.009,3897.33
2.01,3897.17
2.011,3897
2.012,3896.84
2.013,3896.68
2.014,3896.51
2.015,3896.35
2.016,3896.18
2.017,3896.01
2.018,3895.85
2.019,3895.68
2.02,3895.51
2.021,3895.35
2.022,3895.18
2.023,3895.01
2.024,3894.84
2.025,3894.67
2.026,3894.51
2.027,3894.34
2.028,3894.17
2.029,3894
2.03,3893.83
2.031,3893.66
2.032,3893.48
2.033,3893.31
2.034,3893.14
2.035,3892.97
2.036,3892.8
2.037,3892.62
2.038,3892.45
2.039,3892.28
2.04,3892.1
2.041,3891.93
2.042,3891.76
2.043,3891.58
2.044,3891.41
2.045,3891.23
2.046,3891.06
2.047,3890.88
2.048,3890.7
2.049,3890.53
2.05,3890.35
2.051,3890.17
2.052,3889.99
2.053,3889.82
2.054,3889.64
2.055,3889.46
2.056,3889.28
2.057,3889.1
2.058,3888.92
2.059,3888.74
2.06,3888.56
2.061,3888.38
2.062,3888.2
2.063,3888.02
2.064,3887.83
2.065,3887.65
2.066,3887.47
2.067,3887.29
2.068,3887.1
2.069,3886.92
2.07,3886.74
2.071,3886.55
2.072,3886.37
2.073,3886.18
2.074,3886
2.075,3885.81
2.076,3885.63
2.077,3885.44
2.078,3885.25
2.079,3885.07
2.08,3884.88
2.081,3884.69
2.082,3884.51
2.083,3884.32
2.084,3884.13
2.085,3883.94
2.086,3883.75
2.087,3883.56
2.088,3883.37
2.089,3883.18
2.09,3882.99
2.091,3882.8
2.092,3882.61
2.093,3882.42
2.094,3882.23
2.095,3882.03
2.096,3881.84
2.097,3881.65
2.098,3881.46
2.099,3881.26
2.1,3881.07
2.101,3880.87
2.102,3880.68
2.103,3880.48
2.104,3880.29
2.105,3880.09
2.106,3879.9
2.107,3879.7
2.108,3879.51
2.109,3879.31
2.11,3879.11
2.111,3878.91
2.112,3878.72
2.113,3878.52
2.114,3878.32
2.115,3878.12
2.116,3877.92
2.117,3877.72
2.118,3877.52
2.119,3877.32
2.12,3877.12
2.121,3876.92
2.122,3876.72
2.123,3876.52
2.124,3876.32
2.125,3876.12
2.126,3875.91
2.127,3875.71
2.128,3875.51
2.129,3875.3
2.13,3875.1
2.131,3874.9
2.132,3874.69
2.133,3874.49
2.134,3874.28
2.135,3874.08
2.136,3873.87
2.137,3873.66
2.138,3873.46
2.139,3873.25
2.14,3873.04
2.141,3872.84
2.142,3872.63
2.143,3872.42
2.144,3872.21
2.145,3872
2.146,3871.8
2.147,3871.59
2.148,3871.38
2.149,3871.17
2.15,3870.96
2.151,3870.75
2.152,3870.53
2.153,3870.32
2.154,3870.11
2.155,3869.9
2.156,3869.69
2.157,3869.47
2.158,3869.26
2.159,3869.05
2.16,3868.84
2.161,3868.62
2.162,3868.41
2.163,3868.19
2.164,3867.98
2.165,3867.76
2.166,3867.55
2.167,3867.33
2.168,3867.11
2.169,3866.9
2.17,3866.68
2.171,3866.46
2.172,3866.25
2.173,3866.03
2.174,3865.81
2.175,3865.59
2.176,3865.37
2.177,3865.15
2.178,3864.93
2.179,3864.71
2.18,3864.49
2.181,3864.27
2.182,3864.05
2.183,3863.83
2.184,3863.61
2.185,3863.39
2.186,3863.17
2.187,3862.94
2.188,3862.72
2.189,3862.5
2.19,3862.28
2.191,3862.05
2.192,3861.83
2.193,3861.6
2.194,3861.38
2.195,3861.15
2.196,3860.93
2.197,3860.7
2.198,3860.48
2.199,3860.25
2.2,3860.02
2.201,3859.8
2.202,3859.57
2.203,3859.34
2.204,3859.11
2.205,3858.89
2.206,3858.66
2.207,3858.43
2.208,3858.2
2.209,3857.97
2.21,3857.74
2.211,3857.51
2.212,3857.28
2.213,3857.05
2.214,3856.82
2.215,3856.58
2.216,3856.35
2.217,3856.12
2.218,3855.89
2.219,3855.66
2.22,3855.42
2.221,3855.19
2.222,3854.96
2.223,3854.72
2.224,3854.49
2.225,3854.25
2.226,3854.02
2.227,3853.78
2.228,3853.55
2.229,3853.31
2.23,3853.07
2.231,3852.84
2.232,3852.6
2.233,3852.36
2.234,3852.12
2.235,3851.89
2.236,3851.65
2.237,3851.41
2.238,3851.17
2.239,3850.93
2.24,3850.69
2.241,3850.45
2.242,3850.21
2.243,3849.97
2.244,3849.73
2.245,3849.49
2.246,3849.25
2.247,3849.01
2.248,3848.76
2.249,3848.52
2.25,3848.28
2.251,3848.04
2.252,3847.79
2.253,3847.55
2.254,3847.3
2.255,3847.06
2.256,3846.82
2.257,3846.57
2.258,3846.32
2.259,3846.08
2.26,3845.83
2.261,3845.59
2.262,3845.34
2.263,3845.09
2.264,3844.85
2.265,3844.6
2.266,3844.35
2.267,3844.1
2.268,3843.85
2.269,3843.61
2.27,3843.36
2.271,3843.11
2.272,3842.86
2.273,3842.61
2.274,3842.36
2.275,3842.11
2.276,3841.85
2.277,3841.6
2.278,3841.35
2.279,3841.1
2.28,3840.85
2.281,3840.59
2.282,3840.34
2.283,3840.09
2.284,3839.83
2.285,3839.58
2.286,3839.33
2.287,3839.07
2.288,3838.82
2.289,3838.56
2.29,3838.31
2.291,3838.05
2.292,3837.79
2.293,3837.54
2.294,3837.28
2.295,3837.02
2.296,3836.77
2.297,3836.51
2.298,3836.25
2.299,3835.99
2.3,3835.73
2.301,3835.47
2.302,3835.21
2.303,3834.95
2.304,3834.69
2.305,3834.43
2.306,3834.17
2.307,3833.91
2.308,3833.65
2.309,3833.39
2.31,3833.13
2.311,3832.87
2.312,3832.6
2.313,3832.34
2.314,3832.08
2.315,3831.81
2.316,3831.55
2.317,3831.29
2.318,3831.02
2.319,3830.76
2.32,3830.49
2.321,3830.23
2.322,3829.96
2.323,3829.7
2.324,3829.43
2.325,3829.16
2.326,3828.9
2.327,3828.63
2.328,3828.36
2.329,3828.09
2.33,3827.83
2.331,3827.56
2.332,3827.29
2.333,3827.02
2.334,3826.75
2.335,3826.48
2.336,3826.21
2.337,3825.94
2.338,3825.67
2.339,3825.4
2.34,3825.13
2.341,3824.85
2.342,3824.58
2.343,3824.31
2.344,3824.04
2.345,3823.77
2.346,3823.49
2.347,3823.22
2.348,3822.94
2.349,3822.67
2.35,3822.4
2.351,3822.12
2.352,3821.85
2.353,3821.57
2.354,3821.3
2.355,3821.02
2.356,3820.74
2.357,3820.47
2.358,3820.19
2.359,3819.91
2.36,3819.64
2.361,3819.36
2.362,3819.08
2.363,3818.8
2.364,3818.52
2.365,3818.24
2.366,3817.96
2.367,3817.68
2.368,3817.4
2.369,3817.12
2.37,3816.84
2.371,3816.56
2.372,3816.28
2.373,3816
2.374,3815.72
2.375,3815.43
2.376,3815.15
2.377,3814.87
2.378,3814.59
2.379,3814.3
2.38,3814.02
2.381,3813.74
2.382,3813.45
2.383,3813.17
2.384,3812.88
2.385,3812.6
2.386,3812.31
2.387,3812.02
2.388,3811.74
2.389,3811.45
2.39,3811.16
2.391,3810.88
2.392,3810.59
2.393,3810.3
2.394,3810.01
2.395,3809.73
2.396,3809.44
2.397,3809.15
2.398,3808.86
2.399,3808.57
2.4,3808.28
2.401,3807.99
2.402,3807.7
2.403,3807.41
2.404,3807.12
2.405,3806.83
2.406,3806.53
2.407,3806.24
2.408,3805.95
2.409,3805.66
2.41,3805.36
2.411,3805.07
2.412,3804.78
2.413,3804.48
2.414,3804.19
2.415,3803.89
2.416,3803.6
2.417,3803.3
2.418,3803.01
2.419,3802.71
2.42,3802.42
2.421,3802.12
2.422,3801.82
2.423,3801.53
2.424,3801.23
2.425,3800.93
2.426,3800.63
2.427,3800.34
2.428,3800.04
2.429,3799.74
2.43,3799.44
2.431,3799.14
2.432,3798.84
2.433,3798.54
2.434,3798.24
2.435,3797.94
2.436,3797.64
2.437,3797.34
2.438,3797.04
2.439,3796.73
2.44,3796.43
2.441,3796.13
2.442,3795.83
2.443,3795.52
2.444,3795.22
2.445,3794.92
2.446,3794.61
2.447,3794.31
2.448,3794
2.449,3793.7
2.45,3793.39
2.451,3793.09
2.452,3792.78
2.453,3792.48
2.454,3792.17
2.455,3791.86
2.456,3791.56
2.457,3791.25
2.458,3790.94
2.459,3790.63
2.46,3790.33
2.461,3790.02
2.462,3789.71
2.463,3789.4
2.464,3789.09
2.465,3788.78
2.466,3788.47
2.467,3788.16
2.468,3787.85
2.469,3787.54
2.47,3787.23
2.471,3786.92
2.472,3786.6
2.473,3786.29
2.474,3785.98
2.475,3785.67
2.476,3785.35
2.477,3785.04
2.478,3784.73
2.479,3784.41
2.48,3784.1
2.481,3783.78
2.482,3783.47
2.483,3783.15
2.484,3782.84
2.485,3782.52
2.486,3782.21
2.487,3781.89
2.488,3781.57
2.489,3781.26
2.49,3780.94
2.491,3780.62
2.492,3780.3
2.493,3779.99
2.494,3779.67
2.495,3779.35
2.496,3779.03
2.497,3778.71
2.498,3778.39
2.499,3778.07
2.5,3777.75
2.501,3777.43
2.502,3777.11
2.503,3776.79
2.504,3776.47
2.505,3776.14
2.506,3775.82
2.507,3775.5
2.508,3775.18
2.509,3774.85
2.51,3774.53
2.511,3774.21
2.512,3773.88
2.513,3773.56
2.514,3773.24
2.515,3772.91
2.516,3772.59
2.517,3772.26
2.518,3771.94
2.519,3771.61
2.52,3771.28
2.521,3770.96
2.522,3770.63
2.523,3770.3
2.524,3769.98
2.525,3769.65
2.526,3769.32
2.527,3768.99
2.528,3768.66
2.529,3768.33
2.53,3768
2.531,3767.68
2.532,3767.35
2.533,3767.02
2.534,3766.69
2.535,3766.35
2.536,3766.02
2.537,3765.69
2.538,3765.36
2.539,3765.03
2.54,3764.7
2.541,3764.36
2.542,3764.03
2.543,3763.7
2.544,3763.37
2.545,3763.03
2.546,3762.7
2.547,3762.36
2.548,3762.03
2.549,3761.69
2.55,3761.36
2.551,3761.02
2.552,3760.69
2.553,3760.35
2.554,3760.02
2.555,3759.68
2.556,3759.34
2.557,3759.01
2.558,3758.67
2.559,3758.33
2.56,3757.99
2.561,3757.66
2.562,3757.32
2.563,3756.98
2.564,3756.64
2.565,3756.3
2.566,3755.96
2.567,3755.62
2.568,3755.28
2.569,3754.94
2.57,3754.6
2.571,3754.26
2.572,3753.91
2.573,3753.57
2.574,3753.23
2.575,3752.89
2.576,3752.55
2.577,3752.2
2.578,3751.86
2.579,3751.52
2.58,3751.17
2.581,3750.83
2.582,3750.48
2.583,3750.14
2.584,3749.79
2.585,3749.45
2.586,3749.1
2.587,3748.76
2.588,3748.41
2.589,3748.06
2.59,3747.72
2.591,3747.37
2.592,3747.02
2.593,3746.68
2.594,3746.33
2.595,3745.98
2.596,3745.63
2.597,3745.28
2.598,3744.93
2.599,3744.58
2.6,3744.23
2.601,3743.88
2.602,3743.53
2.603,3743.18
2.604,3742.83
2.605,3742.48
2.606,3742.13
2.607,3741.78
2.608,3741.43
2.609,3741.08
2.61,3740.72
2.611,3740.37
2.612,3740.02
2.613,3739.66
2.614,3739.31
2.615,3738.96
2.616,3738.6
2.617,3738.25
2.618,3737.89
2.619,3737.54
2.62,3737.18
2.621,3736.83
2.622,3736.47
2.623,3736.11
2.624,3735.76
2.625,3735.4
2.626,3735.04
2.627,3734.69
2.628,3734.33
2.629,3733.97
2.63,3733.61
2.631,3733.25
2.632,3732.89
2.633,3732.54
2.634,3732.18
2.635,3731.82
2.636,3731.46
2.637,3731.1
2.638,3730.74
2.639,3730.37
2.64,3730.01
2.641,3729.65
2.642,3729.29
2.643,3728.93
2.644,3728.57
2.645,3728.2
2.646,3727.84
2.647,3727.48
2.648,3727.11
2.649,3726.75
2.65,3726.39
2.651,3726.02
2.652,3725.66
2.653,3725.29
2.654,3724.93
2.655,3724.56
2.656,3724.2
2.657,3723.83
2.658,3723.46
2.659,3723.1
2.66,3722.73
2.661,3722.36
2.662,3722
2.663,3721.63
2.664,3721.26
2.665,3720.89
2.666,3720.52
2.667,3720.16
2.668,3719.79
2.669,3719.42
2.67,3719.05
2.671,3718.68
2.672,3718.31
2.673,3717.94
2.674,3717.57
2.675,3717.19
2.676,3716.82
2.677,3716.45
2.678,3716.08
2.679,3715.71
2.68,3715.34
2.681,3714.96
2.682,3700.31
2.683,3656.6
2.684,3584.52
2.685,3485.2
2.686,3360.21
2.687,3211.52
2.688,3041.48
2.689,2852.77
2.690,2648.36
2.691,2431.47
2.692,2205.54
2.693,1974.11
2.694,1740.85
2.695,1509.42
2.696,1283.49
2.697,1066.6
2.698,862.192
2.699,673.478
2.700,503.435
2.701,354.747
2.702,229.758
2.703,130.439
2.704,58.3561
2.705,14.6468
2.706,0
