0.0,178.2140029801153
0.001,179.38243248358464
0.002,179.74175859448604
0.003,180.0993734777433
0.004,180.45721441453927
0.005,180.81528544881638
0.006,181.17358600983175
0.007,181.53211551110982
0.008,181.89087337003534
0.009000000000000001,182.24985899968547
0.01,182.60907181195032
0.011,182.96851121880775
0.012,183.32817663211304
0.013000000000000001,183.68806435069953
0.014,184.0481799912228
0.015,184.40851987252242
0.016,184.76908339286516
0.017,185.129869955907
0.018000000000000002,185.49087896780293
0.019,185.85210983242757
0.02,186.21356195084178
0.021,186.57523472639414
0.022,186.93712755713463
0.023,187.29923984396223
0.024,187.6615709857524
0.025,188.02412037855476
0.026000000000000002,188.3868874196417
0.027,188.74987150393514
0.028,189.113072026216
0.029,189.47648837735272
0.03,189.8401199530373
0.031,190.20396614316766
0.032,190.56802633704174
0.033,190.93229992552014
0.034,191.29678629448202
0.035,191.66148483471068
0.036000000000000004,192.02639492855047
0.037,192.3915159634087
0.038,192.75684732276494
0.039,193.12238839063863
0.04,193.48813854912876
0.041,193.85409717898528
0.042,194.22026365912689
0.043000000000000003,194.586637372057
0.044,194.95321769350878
0.045,195.3200040013058
0.046,195.68699567159194
0.047,196.05419207925533
0.048,196.42159259984072
0.049,196.7891966061105
0.05,197.15700346906834
0.051000000000000004,197.52501256237204
0.052000000000000005,197.8932232545145
0.053,198.261634916721
0.054,198.6302469161133
0.055,198.99905861893757
0.056,199.36806939423877
0.057,199.73727860709118
0.058,200.1066856192128
0.059000000000000004,200.47628979807263
0.06,200.84609050454063
0.061,201.21608709937277
0.062,201.58627894466605
0.063,201.95666539887839
0.064,202.32724582141933
0.065,202.69801957140496
0.066,203.06898600442696
0.067,203.4401444761388
0.068,203.8114943412827
0.069,204.18303495452932
0.07,204.5547656692239
0.07100000000000001,204.9266858373574
0.07200000000000001,205.29879480964013
0.073,205.67109193704826
0.074,206.04357656672087
0.075,206.4162480508157
0.076,206.78910573384252
0.077,207.162148963681
0.078,207.53537708422468
0.079,207.90878944195538
0.08,208.28238537991496
0.081,208.65616424198066
0.082,209.0301253670912
0.083,209.40426809875996
0.084,209.77859177543982
0.085,210.15309573810143
0.08600000000000001,210.52777932314066
0.08700000000000001,210.9026418691042
0.088,211.27768271136043
0.089,211.65290118678277
0.09,212.0282966270258
0.091,212.4038683696976
0.092,212.7796157438698
0.093,213.15553808230416
0.094,213.53163471760953
0.095,213.90790497894534
0.096,214.28434819446935
0.097,214.66096369261024
0.098,215.03775080078393
0.099,215.41470884655283
0.1,215.79183715461988
0.101,216.1691350499084
0.10200000000000001,216.54660185514146
0.10300000000000001,216.92423689387573
0.10400000000000001,217.30203948884113
0.105,217.68000896060502
0.106,218.05814462851436
0.107,218.43644581238308
0.108,218.81491183111027
0.109,219.19354200328974
0.11,219.5723356426388
0.111,219.95129206766373
0.112,220.3304105934904
0.113,220.70969053120558
0.114,221.0891311974714
0.115,221.4687319026108
0.116,221.84849195944102
0.117,222.22841067749297
0.11800000000000001,222.6084873666175
0.11900000000000001,222.9887213365084
0.12,223.36911189551952
0.121,223.7496583497486
0.122,224.1303600059006
0.123,224.51121617063615
0.124,224.89222614787764
0.125,225.27338924123418
0.126,225.65470475399496
0.127,226.03617198766923
0.128,226.41779024423738
0.129,226.79955882522347
0.13,227.1814770284904
0.131,227.56354415344043
0.132,227.94575949827316
0.133,228.32812235973654
0.134,228.71063203526717
0.135,229.0932878192306
0.136,229.47608900700388
0.137,229.85903489265175
0.138,230.24212476858568
0.139,230.62535792715465
0.14,231.00873365953404
0.14100000000000001,231.39225125689754
0.14200000000000002,231.77591001078383
0.14300000000000002,232.15970920684617
0.14400000000000002,232.54364813455345
0.145,232.9277260816023
0.146,233.311942336017
0.147,233.69629618158052
0.148,234.08078690334176
0.149,234.46541378530534
0.15,234.8501761126567
0.151,235.235073166434
0.152,235.62010422917749
0.153,236.00526858151164
0.154,236.39056550460006
0.155,236.77599427652376
0.156,237.1615541764702
0.157,237.54724448333508
0.158,237.93306447267452
0.159,238.3190134222987
0.16,238.70509060641194
0.161,239.0912953015653
0.162,239.47762677964732
0.163,239.86408431594356
0.164,240.25066718076505
0.165,240.63737464747203
0.166,241.02420598777763
0.167,241.4111604698849
0.168,241.79823736483402
0.169,242.1854359397492
0.17,242.57275546468085
0.171,242.96019520458393
0.17200000000000001,243.34775442807805
0.17300000000000001,243.735432398787
0.17400000000000002,244.12322838417137
0.17500000000000002,244.51114164617044
0.176,244.89917144895222
0.177,245.28731705603784
0.178,245.67557772836372
0.179,246.063952728309
0.18,246.45244131493925
0.181,246.84104274920432
0.182,247.22975628996377
0.183,247.61858119535276
0.184,248.00751672389683
0.185,248.3965621315751
0.186,248.78571667463942
0.187,249.17497960958465
0.188,249.5643501899891
0.189,249.95382766906053
0.19,250.3434113033157
0.191,250.73310034225705
0.192,251.1228940389056
0.193,251.51279164536038
0.194,251.9027924109706
0.195,252.29289558661011
0.196,252.6831004196505
0.197,253.07340615990896
0.198,253.46381205649223
0.199,253.85431735464718
0.2,254.24492548726724
0.201,254.63562734587998
0.202,255.02642633539537
0.203,255.41732170868357
0.20400000000000001,255.808312708901
0.20500000000000002,256.1993985771967
0.20600000000000002,256.59057855928637
0.20700000000000002,256.981851894312
0.20800000000000002,257.3732178237346
0.209,257.7646755889476
0.21,258.1562244279564
0.211,258.54786358008056
0.212,258.93959228381647
0.213,259.33140977644956
0.214,259.7233152955887
0.215,260.1153080775065
0.216,260.50738735849154
0.217,260.89955237027715
0.218,261.29180235125375
0.219,261.6841365326896
0.22,262.0765541483172
0.221,262.4690544301923
0.222,262.8616366111046
0.223,263.25429992020065
0.224,263.64704359076796
0.225,264.03986685037324
0.226,264.43276892975894
0.227,264.8257490556496
0.228,265.2188064582525
0.229,265.61194036307216
0.23,266.0051499979599
0.231,266.3984345890617
0.232,266.7917933613224
0.233,267.18522553876005
0.234,267.57873031988845
0.23500000000000001,267.9722642256337
0.23600000000000002,268.3659422273714
0.23700000000000002,268.7596602861331
0.23800000000000002,269.1534478135646
0.23900000000000002,269.547304084041
0.24,269.9412283172124
0.241,270.3352197334879
0.242,270.7292775522626
0.243,271.12340099348245
0.244,271.5175892734033
0.245,271.91184161079144
0.246,272.3061572235762
0.247,272.7005353257172
0.248,273.094975136415
0.249,273.4894758688843
0.25,273.8840367379828
0.251,274.27865695798033
0.252,274.67333574366296
0.253,275.06807230549737
0.254,275.46286585932467
0.255,275.8577156139318
0.256,276.2526207836259
0.257,276.6475805756539
0.258,277.0425942038694
0.259,277.43766087592337
0.26,277.8327798009512
0.261,278.2279501879477
0.262,278.6231712439458
0.263,279.0184421782582
0.264,279.4137621967256
0.265,279.80913050624076
0.266,280.2045463119712
0.267,280.60000881873725
0.268,280.99551723312385
0.269,281.3910707570638
0.27,281.78666859659097
0.271,282.18230995342833
0.272,282.57799403042645
0.273,282.9737200297653
0.274,283.36948715267835
0.275,283.7652946017474
0.276,284.1611415759908
0.277,284.55702727674964
0.278,284.9529509029405
0.279,285.34891165209245
0.28,285.74490872465907
0.281,286.14094131851897
0.28200000000000003,286.5370086309515
0.28300000000000003,286.93310985860893
0.28400000000000003,287.3292441984019
0.28500000000000003,287.7254108454463
0.28600000000000003,288.121608996762
0.28700000000000003,288.5178378461441
0.28800000000000003,288.91409658990784
0.289,289.31038441902336
0.29,289.70670053090583
0.291,290.1030441156389
0.292,290.4994143671583
0.293,290.8958104771681
0.294,291.29223163713095
0.295,291.6886770401945
0.296,292.0851458753477
0.297,292.4816373318127
0.298,292.87815060203855
0.299,293.2746848739114
0.3,293.6712393365509
0.301,294.06781317760255
0.302,294.46440558739255
0.303,294.8610157500771
0.304,295.2576428545111
0.305,295.65428608867177
0.306,296.0509446366717
0.307,296.4476176856848
0.308,296.84430441959233
0.309,297.24100402359306
0.31,297.63771568367866
0.311,298.0344385818669
0.312,298.4311717474775
0.313,298.8279149724822
0.314,299.22465489071624
0.315,299.62141452307753
0.316,300.0181813275584
0.317,300.4149544658021
0.318,300.81173311800654
0.319,301.20851646726845
0.32,301.60530369158766
0.321,302.0020939706389
0.322,302.39888648610753
0.323,302.79568041554506
0.324,303.19247493775873
0.325,303.5892692302519
0.326,303.9860624717622
0.327,304.38285383965183
0.328,304.77964251063895
0.329,305.1764276613399
0.33,305.57320846786837
0.331,305.96998410699024
0.332,306.3667537534722
0.333,306.7635165816964
0.334,307.1602717674426
0.335,307.5570184849561
0.336,307.95375590759966
0.337,308.3504832102467
0.338,308.7471995643983
0.339,309.1439041449271
0.34,309.5405961225398
0.341,309.93727467063025
0.342,310.333938959569
0.343,310.73058816200535
0.34400000000000003,311.1272214499174
0.34500000000000003,311.52383799308586
0.34600000000000003,311.92043696079116
0.34700000000000003,312.3170175241865
0.34800000000000003,312.71357885337756
0.34900000000000003,313.11012011725904
0.35000000000000003,313.5066404851553
0.35100000000000003,313.90313912460766
0.352,314.2996152049291
0.353,314.69606789489677
0.354,315.0924963613537
0.355,315.4888997725947
0.356,315.88527729367235
0.357,316.2816280936335
0.358,316.6779513373197
0.359,317.07424619173315
0.36,317.47051182257115
0.361,317.8667473952025
0.362,318.2629520746971
0.363,318.65912502580625
0.364,319.0552654135751
0.365,319.4513724024771
0.366,319.84744515633884
0.367,320.24348283881113
0.368,320.63948461258474
0.369,321.0354496420505
0.37,321.431377089003
0.371,321.82726611717624
0.372,322.2231158870855
0.373,322.6189255617539
0.374,323.0146943041893
0.375,323.4104212731074
0.376,323.80610563246245
0.377,324.2017465408091
0.378,324.59734316049514
0.379,324.99289465052357
0.38,325.3884001714537
0.381,325.78385888421764
0.382,326.1792699474766
0.383,326.5746325211616
0.384,326.96994576346316
0.385,327.36520883323686
0.386,327.7604208902656
0.387,328.1555810928322
0.388,328.5506885966112
0.389,328.9457425625097
0.39,329.3407421469916
0.391,329.7356865067432
0.392,330.130574800208
0.393,330.525406183219
0.394,330.9201798134804
0.395,331.31489484739603
0.396,331.7095504402474
0.397,332.104145749111
0.398,332.4986799296049
0.399,332.8931521378381
0.4,333.28756152791317
0.401,333.6819072553048
0.402,334.07618847642647
0.403,334.47040434529714
0.404,334.8645540173175
0.405,335.2586366445879
0.406,335.65265138372393
0.40700000000000003,336.0465973873417
0.40800000000000003,336.44047380915805
0.40900000000000003,336.8342798049821
0.41000000000000003,337.2280145258964
0.41100000000000003,337.62167712609227
0.41200000000000003,338.01526675870974
0.41300000000000003,338.4087825767587
0.41400000000000003,338.80222373285704
0.41500000000000004,339.1955893775247
0.41600000000000004,339.58887319317233
0.417,339.98208527216025
0.418,340.3752193064795
0.419,340.76827443947576
0.42,341.16124982379165
0.421,341.5541446112646
0.422,341.94695795301396
0.423,342.33968900006755
0.424,342.7323369032868
0.425,343.1249008142168
0.426,343.51737988447576
0.427,343.90977326239846
0.428,344.3020801014138
0.429,344.6942995506533
0.43,345.0864307603783
0.431,345.478472880113
0.432,345.8704250613923
0.433,346.2622864536386
0.434,346.6540562057805
0.435,347.0457334692563
0.436,347.4373173918827
0.437,347.82880712420337
0.438,348.2202018152647
0.439,348.61150061442135
0.44,349.00270266967334
0.441,349.3938071318621
0.442,349.7848131496362
0.443,350.17571986999934
0.444,350.5665264432497
0.445,350.9572320185712
0.446,351.3478357422829
0.447,351.738336765457
0.448,352.1287342350019
0.449,352.5190272996187
0.45,352.90921510736376
0.451,353.29929680612895
0.452,353.6892715432325
0.453,354.07913846918194
0.454,354.46889672922634
0.455,354.8585454728522
0.456,355.2480838473029
0.457,355.63751100016464
0.458,356.0268260788482
0.459,356.4160282319793
0.46,356.8051166060494
0.461,357.1940903491457
0.462,357.58294860779694
0.463,357.9716905315403
0.464,358.3603152647729
0.465,358.7488219576697
0.466,359.13720975529264
0.467,359.5254778053082
0.468,359.9136252556795
0.46900000000000003,360.3016512531649
0.47000000000000003,360.68955494475006
0.47100000000000003,361.0773354781144
0.47200000000000003,361.46499200022726
0.47300000000000003,361.85252365696476
0.47400000000000003,362.2399295965336
0.47500000000000003,362.6272089666679
0.47600000000000003,363.01436091267226
0.47700000000000004,363.40138458178103
0.47800000000000004,363.7882791223849
0.47900000000000004,364.1750436802875
0.48,364.561677402467
0.481,364.9481794370338
0.482,365.3345489298309
0.483,365.7207850281067
0.484,366.10688687931827
0.485,366.4928536290335
0.486,366.8786844268671
0.487,367.2643784175968
0.488,367.64993474907396
0.489,368.0353525687798
0.49,368.42063102348556
0.491,368.80576925983155
0.492,369.1907664249659
0.493,369.5756216677237
0.494,369.96033413303
0.495,370.344902970176
0.496,370.72932732509776
0.497,371.11360634511186
0.498,371.49773917919475
0.499,371.881724972503
0.5,372.26556287514995
0.501,372.64925203201483
0.502,373.0327915914708
0.503,373.41618070276223
0.504,373.7994185129839
0.505,374.1825041674806
0.506,374.5654368168533
0.507,374.9482156082605
0.508,375.3308396895765
0.509,375.71330820893087
0.51,376.0956203136577
0.511,376.47777515333047
0.512,376.85977187521183
0.513,377.24160962776926
0.514,377.6232875596153
0.515,378.0048048205619
0.516,378.38616055758456
0.517,378.7673539186449
0.518,379.1483840550634
0.519,379.5292501144761
0.52,379.90995124588153
0.521,380.29048659846217
0.522,380.67085532100805
0.523,381.0510565645398
0.524,381.43108947664786
0.525,381.8109532079281
0.526,382.1906469067359
0.527,382.57016972531903
0.528,382.9495208115421
0.529,383.3286993158523
0.53,383.7077043896653
0.531,384.0865351820616
0.532,384.46519084402735
0.533,384.8436705248619
0.534,385.2219733772781
0.535,385.6000985521112
0.536,385.9780451986044
0.537,386.3558124693274
0.538,386.73339951522235
0.539,387.11080548716575
0.54,387.4880295375173
0.541,387.8650708181117
0.542,388.2419284798078
0.543,388.61860167745937
0.544,388.9950895607079
0.545,389.3713912822106
0.546,389.74750599585707
0.547,390.12343285289137
0.548,390.4991710074124
0.549,390.8747196122311
0.55,391.25007782069446
0.551,391.6252447860122
0.552,392.00021966239854
0.553,392.37500160328267
0.554,392.74958976364303
0.555,393.12398329645004
0.556,393.49818135654766
0.557,393.87218309873236
0.558,394.24598767776547
0.559,394.6195942500656
0.56,394.99300196938543
0.561,395.36620999054674
0.562,395.7392174703636
0.5630000000000001,396.11202356597016
0.5640000000000001,396.484627430453
0.5650000000000001,396.8570282227769
0.5660000000000001,397.22922509856403
0.5670000000000001,397.6012172143521
0.5680000000000001,397.973003727858
0.5690000000000001,398.3445837953132
0.5700000000000001,398.71595657496465
0.5710000000000001,399.087121225263
0.5720000000000001,399.4580769023902
0.5730000000000001,399.8288227662748
0.5740000000000001,400.1993579736276
0.5750000000000001,400.5696816845884
0.5760000000000001,400.93979305722735
0.577,401.3096912522373
0.578,401.67937542644046
0.579,402.04884474191937
0.58,402.41809835689867
0.581,402.78713543352217
0.582,403.1559551305242
0.583,403.52455661063004
0.584,403.89293903226115
0.585,404.2611015589096
0.586,404.6290433515287
0.587,404.9967635711905
0.588,405.36426138076075
0.589,405.73153594241654
0.59,406.09858641897864
0.591,406.46541197329157
0.592,406.83201176910455
0.593,407.1983849698582
0.594,407.5645307390373
0.595,407.930448241757
0.596,408.29613664130665
0.597,408.66159510176925
0.598,409.02682279005717
0.599,409.39181887202847
0.6,409.7565825113971
0.601,410.1211128753782
0.602,410.48540912958583
0.603,410.8494704414422
0.604,411.21329597677874
0.605,411.57688490489403
0.606,411.9402363913845
0.607,412.30334960470327
0.608,412.6662237137748
0.609,413.02885788826717
0.61,413.3912512940332
0.611,413.7534031025093
0.612,414.1153124836029
0.613,414.47697860624214
0.614,414.83840064195266
0.615,415.1995777595857
0.616,415.56050913262004
0.617,415.92119392982517
0.618,416.2816313254817
0.619,416.641820489135
0.62,417.00176059604894
0.621,417.3614508163697
0.622,417.7208903254181
0.623,418.0800782960767
0.624,418.4390139020335
0.625,418.79769631730727
0.626,419.1561247183234
0.627,419.51429827861244
0.628,419.872216173006
0.629,420.229877579784
0.63,420.5872816730181
0.631,420.9444276299461
0.632,421.30131462906934
0.633,421.65794184592295
0.634,422.01430845816196
0.635,422.37041364621956
0.636,422.7262565863943
0.637,423.08183645985144
0.638,423.43715244443143
0.639,423.79220372090805
0.64,424.14698946896004
0.641,424.5015088697816
0.642,424.8557611048189
0.643,425.2097453549169
0.644,425.5634608014691
0.645,425.9169066284512
0.646,426.2700820176191
0.647,426.6229861527532
0.648,426.97561821740334
0.649,427.32797739561926
0.65,427.6800628720675
0.651,428.0318738321431
0.652,428.3834094611874
0.653,428.7346689442686
0.654,429.0856514690702
0.655,429.4363562213368
0.656,429.7867823887259
0.657,430.1369291596104
0.658,430.48679572069574
0.659,430.836381262875
0.66,431.1856849728853
0.661,431.5347060419506
0.662,431.8834436593929
0.663,432.2318970155382
0.664,432.580065302663
0.665,432.92794771150164
0.666,433.27554343438436
0.667,433.6228516625252
0.668,433.9698715903195
0.669,434.3166024098258
0.67,434.66304331646717
0.671,435.00919350441313
0.672,435.3550521682596
0.673,435.7006185035194
0.674,436.0458917049724
0.675,436.39087097071473
0.676,436.7355554967993
0.677,437.0799444807939
0.678,437.4240371215288
0.679,437.7678326162927
0.68,438.11133016431745
0.681,438.4545289657239
0.682,438.7974282196076
0.683,439.14002712758
0.684,439.482324889935
0.685,439.8243207078917
0.686,440.1660137853385
0.687,440.50740332277053
0.6880000000000001,440.84848852562266
0.6890000000000001,441.1892685965342
0.6900000000000001,441.5297427383846
0.6910000000000001,441.8699101582732
0.6920000000000001,442.20977006098724
0.6930000000000001,442.54932165121204
0.6940000000000001,442.8885641375643
0.6950000000000001,443.2274967254748
0.6960000000000001,443.56611862238407
0.6970000000000001,443.9044290386455
0.6980000000000001,444.2424271799861
0.6990000000000001,444.5801122583399
0.7000000000000001,444.9174834817483
0.7010000000000001,445.2545400605846
0.7020000000000001,445.5912812066557
0.7030000000000001,445.9277061319913
0.704,446.2638140486353
0.705,446.5996041669676
0.706,446.93507570344036
0.707,447.2702278699658
0.708,447.605059882858
0.709,447.93957095433035
0.71,448.27376030230977
0.711,448.6076271431634
0.712,448.94117069207533
0.713,449.274390168112
0.714,449.6072847881971
0.715,449.9398537715532
0.716,450.2720963373199
0.717,450.60401170576154
0.718,450.9355990957189
0.719,451.2668577299357
0.72,451.59778683011905
0.721,451.9283856175213
0.722,452.2586533171253
0.723,452.58858914895785
0.724,452.9181923416675
0.725,453.2474621156386
0.726,453.57639769980074
0.727,453.904998318377
0.728,454.2332631994474
0.729,454.56119156802
0.73,454.88878265475205
0.731,455.2160356870545
0.732,455.5429498944327
0.733,455.86952450580213
0.734,456.19575875276576
