time,u10,v10,u100,v100,t2m,sp
2010-10-20 12:00,2.6074,-1.5394,3.4645,-1.9606,290.5842,99985.7001
2010-10-20 13:00,2.4295,-1.0629,3.2347,-1.3333,290.9722,99981.3139
2010-10-20 14:00,2.2757,-1.2888,3.0998,-1.7123,290.9336,100028.4445
2010-10-20 15:00,1.2523,-1.4302,2.4465,-2.5459,290.6937,100098.3331
2010-10-20 16:00,-0.1137,-2.384,0.1344,-3.8623,288.5515,100195.2943
2010-10-20 17:00,-1.0871,-2.1223,-1.7463,-4.1667,288.2384,100319.1001
2010-10-20 18:00,-0.8019,-2.1128,-1.4561,-3.3862,287.1618,100461.6357
2010-10-21 12:00,-0.7772,-0.2281,-0.9532,-0.2324,289.506,101580.0533
2010-10-21 13:00,-1.2522,-0.4701,-1.5436,-0.5378,290.122,101568.2227
2010-10-21 14:00,-1.5365,-0.5517,-1.926,-0.6774,290.0132,101606.0464
2010-10-21 15:00,-1.8272,-0.3126,-2.4933,-0.4236,289.7682,101621.5548
2010-10-21 16:00,-2.01,0.2332,-3.0886,0.2508,288.09,101659.6559
2010-10-21 17:00,-2.1827,1.1468,-3.1464,0.9898,284.6857,101711.1253
2010-10-21 18:00,-1.6404,1.6998,-2.9193,1.3794,283.9847,101760.9103
2010-10-22 12:00,-0.3578,-0.2692,-0.4366,-0.2128,288.8945,101805.1969
2010-10-22 13:00,-0.4109,-0.3441,-0.5269,-0.2678,289.7486,101727.9105
2010-10-22 14:00,-0.3482,-0.6793,-0.3957,-0.6929,290.1231,101688.8742
2010-10-22 15:00,-1.137,-1.4967,-1.6696,-2.0891,289.5718,101655.6809
2010-10-22 16:00,-0.9994,-1.1799,-2.4118,-2.445,287.2551,101630.3301
2010-10-22 17:00,-2.2246,-0.9388,-2.8812,-1.3746,285.0776,101634.1222
2010-10-22 18:00,-2.1033,0.8515,-3.0972,0.1478,283.1431,101659.9247
2010-10-23 12:00,-0.6245,-0.6081,-0.7406,-0.6017,289.8213,101301.9897
2010-10-23 13:00,-0.6214,-0.0815,-0.7048,0.0635,290.6362,101211.4529
2010-10-23 14:00,-1.5064,-0.9556,-1.9656,-1.0392,290.7184,101160.2879
2010-10-23 15:00,-2.2142,-1.5477,-3.2636,-2.0434,290.033,101130.0632
2010-10-23 16:00,-2.0878,-0.9031,-4.2165,-1.4422,289.3464,101098.9249
2010-10-23 17:00,-1.846,-0.1401,-4.4589,-0.1412,287.9339,101097.7401
2010-10-23 18:00,-1.8106,0.3174,-3.9091,0.6727,286.8697,101101.55
2010-10-24 12:00,0.3113,1.9623,0.6086,2.6398,291.6202,100520.1807
2010-10-24 13:00,0.4512,1.8136,0.7909,2.5736,291.8388,100429.1829
2010-10-24 14:00,0.26,1.5986,0.598,2.6952,291.886,100394.2154
2010-10-24 15:00,0.0685,1.2983,0.9673,3.1851,291.4436,100354.4956
2010-10-24 16:00,-0.0779,1.7815,0.9583,3.7245,291.282,100336.4707
2010-10-24 17:00,-0.0638,1.7982,1.1543,4.1753,289.2208,100303.9173
2010-10-24 18:00,-0.0993,1.9158,0.9898,4.6831,288.3371,100282.5694
2010-10-25 12:00,-2.2919,2.6076,-3.3968,4.2093,290.4992,99403.6372
2010-10-25 13:00,-0.6975,3.1122,-0.908,4.6072,291.5307,99461.6007
2010-10-25 14:00,-0.214,2.0328,-0.2237,2.9765,290.3106,99520.6934
2010-10-25 15:00,-0.6044,0.0435,-0.7663,1.1397,290.5954,99551.3026
2010-10-25 16:00,-0.8151,-0.2479,-0.7801,0.9378,287.7974,99622.5115
2010-10-25 17:00,0.8502,-1.2227,0.8066,-1.7068,287.8027,99718.053
2010-10-25 18:00,0.9979,-2.5261,0.9263,-5.2763,286.0532,99820.2979
2010-10-26 12:00,-1.7313,-3.9379,-3.6409,-6.7562,283.7553,101359.986
2010-10-26 13:00,-1.5319,-4.0822,-3.1499,-7.0519,283.9429,101392.7958
2010-10-26 14:00,-1.556,-4.19,-3.0538,-6.9893,284.0478,101420.1207
2010-10-26 15:00,-1.4765,-3.5666,-3.1792,-6.3185,284.3167,101427.8068
2010-10-26 16:00,-1.4641,-3.3525,-3.198,-5.9092,284.2876,101471.8718
2010-10-26 17:00,-1.6577,-3.6397,-3.62,-6.3856,283.6881,101539.5931
2010-10-26 18:00,-1.897,-3.1406,-4.2532,-5.7419,283.6049,101564.3322
2010-10-27 12:00,-1.5738,-4.4405,-2.2288,-6.0393,285.1588,101746.5378
2010-10-27 13:00,-1.6691,-4.5131,-2.2792,-6.1885,285.3114,101706.256
2010-10-27 14:00,-1.9765,-4.3068,-2.7488,-6.0297,285.4632,101687.7786
2010-10-27 15:00,-1.6438,-3.5928,-2.5496,-5.4305,285.0087,101689.7134
2010-10-27 16:00,-0.5931,-2.2446,-1.8888,-4.7395,283.3274,101694.8552
2010-10-27 17:00,0.7875,-1.6878,-0.2853,-4.5281,281.2499,101722.6839
2010-10-27 18:00,1.4453,-1.317,1.1776,-4.5388,281.1808,101747.4996
2010-10-28 12:00,1.1008,-2.4689,1.4079,-3.2047,286.4878,101704.7482
2010-10-28 13:00,0.6176,-2.3443,0.841,-3.0347,286.8766,101665.1208
2010-10-28 14:00,0.1887,-2.1617,0.3498,-2.8413,286.8917,101635.6668
2010-10-28 15:00,0.2134,-1.4349,0.3964,-2.5839,286.6924,101621.1636
2010-10-28 16:00,0.7602,-1.1503,0.6507,-2.0546,286.2122,101611.8956
2010-10-28 17:00,1.2031,0.0911,1.159,-1.2903,282.4201,101649.059
2010-10-28 18:00,1.3737,0.3378,1.9338,-0.939,281.045,101666.2073
2010-10-29 12:00,1.1006,-0.9886,1.445,-1.1867,289.035,101468.1552
2010-10-29 13:00,0.6003,-0.8124,0.8129,-0.9609,289.8923,101403.8654
2010-10-29 14:00,0.1605,-0.479,0.2992,-0.5514,290.4176,101370.6951
2010-10-29 15:00,-0.3798,-0.2418,-0.2473,-0.308,290.1864,101324.4798
2010-10-29 16:00,-1.0364,-0.0859,-0.7436,-0.2617,287.7161,101305.8835
2010-10-29 17:00,-0.9355,0.5336,-0.9997,-0.195,284.0557,101319.1191
2010-10-29 18:00,-0.3542,1.1381,-1.2813,0.2776,281.1292,101339.8164
2010-10-30 12:00,-0.7657,-0.3217,-0.8616,-0.2568,289.3366,101178.8252
2010-10-30 13:00,-1.3871,-0.2871,-1.6359,-0.1788,290.0383,101129.1739
2010-10-30 14:00,-2.2961,-0.3711,-3.0725,-0.3792,289.7467,101064.114
2010-10-30 15:00,-2.4228,-0.4229,-4.2768,-0.4639,289.0152,101057.9147
2010-10-30 16:00,-2.1294,-0.2737,-5.1641,0.0643,287.9,101047.0908
2010-10-30 17:00,-2.1128,0.0357,-5.3214,0.7383,285.4641,101062.547
2010-10-30 18:00,-1.9931,0.4659,-5.2062,1.5928,284.3969,101053.0017
2011-10-20 12:00,-0.2166,-5.9498,-1.243,-9.888,285.2968,100995.3163
2011-10-20 13:00,-1.0719,-4.8725,-2.0898,-7.3993,285.0031,101048.9179
2011-10-20 14:00,-0.8488,-4.7355,-2.1721,-7.5669,284.3578,101105.3919
2011-10-20 15:00,-0.1939,-4.2167,-1.1644,-6.9248,284.5486,101123.3869
2011-10-20 16:00,-0.2188,-4.112,-1.3116,-6.7601,284.7427,101190.6248
2011-10-20 17:00,0.0017,-4.1182,-1.0771,-6.9291,284.7345,101261.0023
2011-10-20 18:00,0.2013,-4.0304,-0.7548,-6.9418,284.8198,101322.0458
2011-10-21 12:00,-2.0795,-4.1986,-2.8439,-5.7261,286.9037,101772.524
2011-10-21 13:00,-2.3691,-4.2764,-3.2283,-5.8711,287.0649,101729.2722
2011-10-21 14:00,-2.7031,-4.2696,-3.819,-5.9966,287.1431,101714.1326
2011-10-21 15:00,-2.6493,-3.8932,-3.8112,-5.5045,286.9386,101721.2974
2011-10-21 16:00,-1.7435,-2.7874,-3.0324,-4.5937,286.4476,101722.875
2011-10-21 17:00,-0.5829,-1.9853,-2.1795,-4.2677,285.4427,101731.109
2011-10-21 18:00,-0.0013,-1.7406,-1.4318,-4.1541,284.6041,101751.5085
2011-10-22 12:00,0.486,-2.9488,0.6233,-3.9063,286.5349,101669.2035
2011-10-22 13:00,0.0157,-2.9085,0.0036,-3.8752,286.9797,101619.7486
2011-10-22 14:00,-0.4773,-2.5739,-0.6118,-3.4445,286.9187,101611.8926
2011-10-22 15:00,-0.7077,-2.1132,-0.953,-2.9169,286.5868,101588.2225
2011-10-22 16:00,-0.2468,-1.1981,-0.4792,-1.8336,285.8553,101580.8563
2011-10-22 17:00,0.6535,-0.1656,0.3014,-1.1547,284.7842,101614.0144
2011-10-22 18:00,1.0774,0.1222,1.1725,-0.9755,284.3306,101632.625
2011-10-23 12:00,0.0644,-2.0362,0.1066,-2.6013,286.8215,101487.8532
2011-10-23 13:00,-0.4256,-1.8404,-0.492,-2.3018,287.2701,101411.5877
2011-10-23 14:00,-0.9009,-1.8947,-1.137,-2.439,287.1929,101383.1706
2011-10-23 15:00,-1.3608,-1.8469,-1.8105,-2.4519,286.6442,101353.0213
2011-10-23 16:00,-1.1199,-1.1274,-2.3274,-2.2232,285.7314,101344.8715
2011-10-23 17:00,-1.6092,-1.263,-2.467,-1.6746,283.9434,101346.1116
2011-10-23 18:00,-1.0514,0.0132,-1.8266,-0.5883,284.2718,101355.6739
2011-10-24 12:00,-1.9111,-0.7696,-2.4788,-1.0146,286.7027,101089.9111
2011-10-24 13:00,-2.2382,-0.4096,-3.1909,-0.5596,286.7963,101038.421
2011-10-24 14:00,-1.8778,-0.4055,-3.0926,-0.3926,286.4729,101025.8473
2011-10-24 15:00,-1.1485,-0.5797,-2.6114,-0.5625,286.0468,100965.4325
2011-10-24 16:00,-1.0249,-0.4666,-2.6723,-0.3462,285.7554,100938.2564
2011-10-24 17:00,-0.8269,-0.476,-2.2142,0.1443,285.4026,100931.5593
2011-10-24 18:00,-0.2547,-0.2878,-1.6117,0.3089,285.1446,100959.061
2011-10-25 12:00,-1.2558,1.8153,-1.6669,2.6086,291.8786,100536.7859
2011-10-25 13:00,-2.2366,-0.2239,-3.8976,0.9175,292.6859,100481.573
2011-10-25 14:00,-3.0911,0.3268,-5.8021,1.431,292.3787,100410.2333
2011-10-25 15:00,-3.2152,1.1142,-6.1515,2.9523,291.5126,100388.1709
2011-10-25 16:00,-2.7151,1.4574,-5.5356,3.9241,290.8975,100371.043
2011-10-25 17:00,-2.1324,1.8677,-4.4447,4.949,290.301,100423.4839
2011-10-25 18:00,-1.9478,2.0833,-3.6295,5.6044,290.193,100468.8785
2011-10-26 12:00,1.4692,-2.1453,1.983,-3.3021,286.6198,100847.8896
2011-10-26 13:00,2.1889,-2.2819,3.1288,-3.5327,287.2521,100875.5795
2011-10-26 14:00,2.0054,-1.9215,2.9026,-2.9322,288.2313,100885.2525
2011-10-26 15:00,1.578,-1.7007,2.2605,-2.5687,288.2705,100907.9588
2011-10-26 16:00,1.1405,-1.1833,2.0658,-2.5308,287.1784,100949.3336
2011-10-26 17:00,1.1224,-0.7848,2.2084,-2.3802,286.8888,100990.0578
2011-10-26 18:00,1.0882,-0.0947,2.0875,-1.5917,285.6288,101034.7617
2011-10-27 12:00,-0.5621,-0.2955,-0.6086,-0.3143,288.9589,101392.741
2011-10-27 13:00,-1.0247,-0.1279,-1.2074,-0.0735,289.2069,101377.3138
2011-10-27 14:00,-0.9673,-0.2104,-1.1332,-0.1728,289.4042,101392.2166
2011-10-27 15:00,-1.6543,-0.2766,-2.1772,-0.3329,289.3959,101391.6488
2011-10-27 16:00,-1.5244,-0.163,-3.2722,-0.2024,287.8617,101412.4983
2011-10-27 17:00,-1.4627,0.0257,-3.5168,0.2143,286.5817,101462.7687
2011-10-27 18:00,-1.7901,0.7064,-3.3032,1.008,286.0845,101502.4177
2011-10-28 12:00,-0.3314,-0.6827,-0.3696,-0.7598,288.6281,101970.1768
2011-10-28 13:00,-0.6561,-0.5578,-0.7711,-0.6044,289.2828,101974.1229
2011-10-28 14:00,-0.8943,-0.4836,-1.0553,-0.5462,289.5098,101975.6861
2011-10-28 15:00,-1.2591,-0.3667,-1.6394,-0.4513,289.3254,101952.9707
2011-10-28 16:00,-1.247,-0.6613,-2.5118,-1.0946,287.8739,101970.5132
2011-10-28 17:00,-1.1321,-0.636,-2.5768,-1.2578,286.6796,102005.9926
2011-10-28 18:00,-1.6475,-0.5637,-2.234,-0.7087,286.2914,102035.2065
2011-10-29 12:00,-0.0376,-1.1257,0.0005,-1.3644,288.8892,101962.5245
2011-10-29 13:00,-0.182,-1.2377,-0.1632,-1.499,289.3206,101917.9824
2011-10-29 14:00,-0.2434,-1.1829,-0.2361,-1.4322,289.5848,101887.8343
2011-10-29 15:00,-0.1477,-0.8538,-0.1154,-1.0291,289.3364,101827.6394
2011-10-29 16:00,-0.5078,-1.1627,-0.6377,-1.5333,288.0596,101821.9966
2011-10-29 17:00,-0.5929,-1.2294,-0.9348,-1.6228,287.1521,101840.7896
2011-10-29 18:00,-0.025,-0.9715,-0.5698,-1.256,286.2384,101854.0213
2011-10-30 12:00,-1.1387,-1.3837,-1.4678,-1.711,288.7459,101726.7735
2011-10-30 13:00,-1.3532,-1.5129,-1.7627,-1.9123,289.1842,101673.0865
2011-10-30 14:00,-1.4988,-1.4807,-1.9795,-1.9339,289.4471,101640.3715
2011-10-30 15:00,-1.4611,-1.239,-2.002,-1.6553,289.2746,101610.7521
2011-10-30 16:00,-1.0395,-0.7097,-2.1417,-1.366,288.5895,101613.2058
2011-10-30 17:00,-1.3208,-0.9177,-2.0712,-1.1323,287.1945,101630.7227
2011-10-30 18:00,-0.4299,-1.1147,-1.4251,-1.0062,287.317,101667.9513
2012-10-20 12:00,-1.078,-0.8209,-1.3116,-0.8693,292.5295,101498.9808
2012-10-20 13:00,-1.4334,-0.6462,-1.737,-0.6751,293.3082,101434.6225
2012-10-20 14:00,-1.4959,-0.0545,-1.8206,0.017,293.6056,101403.0301
2012-10-20 15:00,-1.8182,0.1143,-2.3408,0.2786,293.491,101369.0581
2012-10-20 16:00,-1.5223,0.0609,-3.1827,0.5632,291.2168,101330.0729
2012-10-20 17:00,-1.9371,0.4393,-2.9269,1.484,288.2662,101360.6242
2012-10-20 18:00,-1.5255,1.2063,-2.0835,2.0881,287.7415,101372.5434
2012-10-21 12:00,-0.7118,-1.0759,-0.821,-1.2033,293.0788,101178.6925
2012-10-21 13:00,-1.4213,-1.1792,-1.7445,-1.3523,294.0138,101117.8535
2012-10-21 14:00,-1.1405,-0.9861,-1.4185,-1.1329,294.0591,101096.7027
2012-10-21 15:00,-1.2635,-1.4446,-1.6652,-1.9064,294.07,101093.0355
2012-10-21 16:00,-1.184,-0.5859,-2.2738,-1.1549,291.7686,101094.2009
2012-10-21 17:00,-1.7208,0.3743,-1.8671,0.3685,289.1362,101125.3896
2012-10-21 18:00,-0.6873,1.3006,-0.7609,1.2847,288.6973,101154.2726
2012-10-22 12:00,0.7653,-2.3943,1.0885,-3.0368,293.971,101142.0812
2012-10-22 13:00,0.6057,-2.1273,0.8457,-2.6997,294.5821,101125.3051
2012-10-22 14:00,0.5746,-1.8226,0.8423,-2.3037,294.5641,101101.1526
2012-10-22 15:00,0.3662,-1.4785,0.6225,-1.9616,294.4792,101096.1414
2012-10-22 16:00,-0.7195,-1.6632,-0.437,-2.1697,292.4337,101088.5963
2012-10-22 17:00,-1.2151,-1.2257,-1.205,-1.8178,290.6656,101109.7151
2012-10-22 18:00,-0.472,0.3685,-1.0161,-0.7311,290.1926,101148.9051
2012-10-23 12:00,0.655,-2.1168,0.8592,-2.6606,293.6125,101254.1469
2012-10-23 13:00,0.2039,-1.8415,0.2927,-2.3009,294.134,101230.661
2012-10-23 14:00,-0.3586,-1.5693,-0.4201,-1.9634,294.1983,101197.9985
2012-10-23 15:00,-0.6479,-1.3658,-0.8999,-1.8342,294.086,101179.0469
2012-10-23 16:00,-1.0101,-1.6946,-1.5045,-1.9993,292.0522,101162.0656
2012-10-23 17:00,-0.8247,-1.5752,-1.6259,-1.627,290.902,101195.4274
2012-10-23 18:00,0.1173,-0.9962,-1.2772,-1.1623,289.8484,101213.3376
2012-10-24 12:00,0.0234,-1.1455,0.0463,-1.364,292.7637,101022.6972
2012-10-24 13:00,-0.6432,-0.9946,-0.7798,-1.1777,293.3687,100962.9557
2012-10-24 14:00,-1.2183,-0.8967,-1.5143,-1.0869,293.461,100926.2178
2012-10-24 15:00,-1.55,-0.8101,-2.1671,-1.1039,293.1366,100913.6759
2012-10-24 16:00,-2.0506,-0.5141,-2.7697,-0.6683,290.3899,100889.0019
2012-10-24 17:00,-1.8743,0.694,-2.5271,0.4032,287.9749,100898.4769
2012-10-24 18:00,-0.6229,1.5574,-1.7941,1.2131,287.4946,100913.4189
2012-10-25 12:00,-0.1283,-0.7401,-0.0026,-0.807,293.0154,100677.8821
2012-10-25 13:00,-0.6956,-0.7141,-0.7583,-0.7885,293.7174,100595.2141
2012-10-25 14:00,-1.3224,-0.5729,-1.5792,-0.5886,294.0305,100538.3738
2012-10-25 15:00,-1.8527,-0.5297,-2.6984,-0.5717,293.4202,100525.4333
2012-10-25 16:00,-1.703,-0.1783,-3.9192,0.1684,290.68,100496.9313
2012-10-25 17:00,-2.1011,0.8136,-3.5922,1.5629,287.7511,100502.8204
2012-10-25 18:00,-1.1269,1.9268,-2.5008,2.4876,286.7056,100521.3886
2012-10-26 12:00,-1.0405,-0.0463,-1.2838,0.1984,290.9466,99986.4068
2012-10-26 13:00,-1.2572,-0.5209,-1.6102,-0.3758,291.7776,99896.631
2012-10-26 14:00,-2.0636,-1.2629,-3.0866,-1.5393,291.9536,99821.5585
2012-10-26 15:00,-2.4862,-1.0242,-4.6663,-1.2563,291.097,99697.8377
2012-10-26 16:00,-2.2881,-0.1206,-5.0648,0.5453,290.1147,99574.0748
2012-10-26 17:00,-1.6251,0.6309,-4.0115,2.3701,289.6686,99489.7358
2012-10-26 18:00,-1.3936,1.6666,-1.8337,3.5759,289.5805,99428.5649
2012-10-27 12:00,0.1814,3.2836,0.8588,5.2896,292.1007,98068.2478
2012-10-27 13:00,1.3491,3.9625,2.637,6.3383,292.134,98029.6153
2012-10-27 14:00,1.0269,4.1881,2.2668,6.7102,291.9434,97951.9434
2012-10-27 15:00,2.5221,4.0049,4.6724,6.7707,292.1323,97928.4141
2012-10-27 16:00,3.1599,3.7165,5.8342,6.462,292.2336,97939.6882
2012-10-27 17:00,3.3518,2.9286,6.2857,5.3846,291.8484,97956.9058
2012-10-27 18:00,2.9188,2.189,5.7495,4.3219,291.1662,98006.9402
2012-10-28 12:00,3.5693,0.9675,5.1119,1.6368,284.3102,98969.8746
2012-10-28 13:00,2.7277,0.4054,3.7682,0.9262,284.4864,98989.9087
2012-10-28 14:00,1.9098,0.0658,2.5642,0.4295,285.3065,98980.7591
2012-10-28 15:00,0.5633,0.651,0.8344,1.0582,285.2976,99052.4596
2012-10-28 16:00,-0.4952,-0.8645,-0.5901,-0.558,284.1303,99167.109
2012-10-28 17:00,-0.7661,-0.9409,-1.8462,-1.5093,282.8028,99248.9609
2012-10-28 18:00,-0.8738,-1.2627,-2.2879,-1.5865,281.8351,99326.322
2012-10-29 12:00,0.6563,-4.2631,0.7241,-6.0175,283.6042,100211.5557
2012-10-29 13:00,0.5065,-3.4339,0.5747,-4.7806,283.5678,100229.4506
2012-10-29 14:00,0.5603,-3.1364,0.594,-4.4205,283.8962,100250.3935
2012-10-29 15:00,0.9938,-2.5307,1.1397,-3.8732,283.7283,100294.0193
2012-10-29 16:00,1.4868,-0.8695,1.9876,-2.7411,281.8438,100345.695
2012-10-29 17:00,1.7272,-0.1459,1.9907,-2.254,280.3637,100383.0699
2012-10-29 18:00,1.3875,0.228,1.5863,-1.6261,280.2668,100435.734
2012-10-30 12:00,-0.1897,1.3229,-0.1089,1.7244,285.7628,100514.5309
2012-10-30 13:00,-0.6968,0.6901,-0.7407,1.0135,286.2423,100470.1971
2012-10-30 14:00,-1.0343,0.5214,-1.1919,0.8436,286.5755,100445.8521
2012-10-30 15:00,-1.2573,-0.0259,-2.1538,0.2973,286.0105,100416.9288
2012-10-30 16:00,-1.8063,-0.3827,-3.9854,-0.1257,284.5219,100409.2526
2012-10-30 17:00,-1.8033,0.0189,-4.4291,0.6005,283.2832,100428.0547
2012-10-30 18:00,-1.7405,0.7986,-3.4221,1.6414,282.6143,100490.3452
2013-10-20 12:00,-2.3269,1.2131,-3.0588,1.7384,293.704,101723.4216
2013-10-20 13:00,-1.7093,1.4486,-2.1661,2.1155,293.2723,101674.2441
2013-10-20 14:00,-2.2504,0.4025,-2.9868,0.9502,292.9665,101617.2744
2013-10-20 15:00,-3.029,0.2482,-4.9752,0.9491,292.5459,101567.5287
2013-10-20 16:00,-2.2135,0.3799,-4.5314,1.7302,292.5886,101556.8228
2013-10-20 17:00,-1.7867,0.7666,-3.685,2.544,291.8086,101582.9136
2013-10-20 18:00,-1.5417,1.258,-2.969,3.6083,291.0675,101541.2156
2013-10-21 12:00,-1.1588,-0.663,-1.5127,-0.7057,290.4329,101696.229
2013-10-21 13:00,-1.1117,-0.2601,-1.5395,-0.1235,290.8356,101654.9553
2013-10-21 14:00,-1.0369,-0.2634,-1.4752,-0.152,291.1065,101624.48
2013-10-21 15:00,-0.535,-0.2686,-1.0549,-0.0337,291.0733,101606.2854
2013-10-21 16:00,-0.5885,-0.5832,-0.8668,-0.1869,291.051,101592.9729
2013-10-21 17:00,-0.2272,-0.9107,-0.5484,-1.0086,290.4298,101603.2181
2013-10-21 18:00,-1.0074,-0.9013,-1.618,-0.9937,290.0039,101592.5464
2013-10-22 12:00,-1.1823,-0.2031,-1.4658,-0.0536,294.0989,101429.5283
2013-10-22 13:00,-1.837,-1.2821,-2.3925,-1.4464,294.9558,101376.9541
2013-10-22 14:00,-2.3034,-1.3704,-3.088,-1.6165,294.9883,101352.0232
2013-10-22 15:00,-2.3456,-1.3612,-3.3635,-1.7452,294.1614,101339.0459
2013-10-22 16:00,-2.0953,-0.6917,-4.2267,-0.8257,293.3223,101325.2949
2013-10-22 17:00,-1.8164,0.0664,-4.2984,0.6914,291.2629,101304.2722
2013-10-22 18:00,-2.0281,0.6821,-3.2215,1.3343,291.0129,101344.5219
2013-10-23 12:00,0.185,1.4273,0.467,1.9619,295.9955,101142.827
2013-10-23 13:00,-0.4802,1.4418,-0.321,2.051,296.6121,101126.8076
2013-10-23 14:00,-1.6103,1.1142,-1.9205,2.0807,296.701,101080.5334
2013-10-23 15:00,-1.6573,0.6384,-2.8577,2.0288,295.7829,101066.4318
2013-10-23 16:00,-2.0636,0.7076,-3.2484,2.444,293.9989,101074.6149
2013-10-23 17:00,-2.3063,1.1041,-2.6492,2.9205,292.8082,101081.4505
2013-10-23 18:00,-2.0569,1.5155,-2.1727,3.3932,292.4714,101106.5187
2013-10-24 12:00,0.7327,1.1256,1.0642,1.461,294.3936,101296.6172
2013-10-24 13:00,0.6396,0.736,0.9067,0.9451,294.9919,101274.4869
2013-10-24 14:00,0.4239,0.3909,0.6267,0.5608,295.0688,101273.9598
2013-10-24 15:00,-0.1214,-0.1137,0.0566,0.0687,294.7007,101268.4055
2013-10-24 16:00,-0.562,-0.9698,-0.5869,-0.63,293.6166,101288.1397
2013-10-24 17:00,-0.9062,-0.8899,-1.1355,-0.6438,292.125,101318.5979
2013-10-24 18:00,-0.1642,-0.7293,-0.8543,-0.5126,291.7103,101372.5301
2013-10-25 12:00,-1.6438,-0.5211,-2.0743,-0.5502,292.6392,101563.3544
2013-10-25 13:00,-2.0003,-0.6062,-2.6117,-0.6358,293.4675,101524.3392
2013-10-25 14:00,-2.1792,-0.5735,-2.9178,-0.6309,293.755,101510.6649
2013-10-25 15:00,-2.2361,-0.504,-3.1251,-0.5465,293.3485,101493.0671
2013-10-25 16:00,-1.7092,-0.2558,-3.5353,-0.1695,292.042,101497.2699
2013-10-25 17:00,-1.3477,0.1581,-3.2663,0.6679,290.1814,101519.5102
2013-10-25 18:00,-1.4189,0.928,-2.3525,1.4656,289.8649,101540.0178
2013-10-26 12:00,-0.4204,-0.3524,-0.4807,-0.2369,294.0747,101577.4898
2013-10-26 13:00,-1.5485,-1.4064,-2.0089,-1.6722,294.3858,101546.8113
2013-10-26 14:00,-2.1408,-1.6498,-2.9459,-2.1239,294.2913,101556.3209
2013-10-26 15:00,-2.1415,-1.1212,-3.0456,-1.4678,293.6687,101564.6642
2013-10-26 16:00,-1.6765,-0.3787,-3.033,-0.4917,292.7051,101598.6986
2013-10-26 17:00,-1.2335,0.0845,-2.9791,0.57,290.3793,101655.4454
2013-10-26 18:00,-1.3972,0.5926,-2.558,1.5198,289.0895,101681.3085
2013-10-27 12:00,1.1216,2.0542,1.6379,2.7443,295.7322,101255.9643
2013-10-27 13:00,2.2145,2.0886,3.1188,2.9853,295.8464,101220.5068
2013-10-27 14:00,3.2344,2.3517,4.9575,3.6762,296.2348,101239.6905
2013-10-27 15:00,2.4924,3.1812,4.5346,5.1328,295.9217,101164.2282
2013-10-27 16:00,2.4375,2.871,4.9525,5.1271,295.552,101150.8354
2013-10-27 17:00,2.357,3.4731,4.9897,6.1633,293.8521,101095.6386
2013-10-27 18:00,2.2022,2.8394,4.8011,5.6064,293.2993,101076.7372
2013-10-28 12:00,2.5359,1.7186,3.5357,2.3995,298.1379,100973.9497
2013-10-28 13:00,2.5555,1.914,3.6827,2.7774,298.459,100912.906
2013-10-28 14:00,2.0588,1.7884,3.1781,2.7801,298.1112,100860.4819
2013-10-28 15:00,1.8051,1.9185,3.5273,3.5329,297.4277,100848.2096
2013-10-28 16:00,1.6378,2.0556,3.9189,4.136,296.3417,100824.1249
2013-10-28 17:00,1.283,1.7928,3.7217,4.1896,293.8638,100847.4464
2013-10-28 18:00,1.4804,1.7517,3.7883,3.8412,292.1069,100880.1984
2013-10-29 12:00,3.3759,1.8022,4.728,2.6483,297.6956,100698.8192
2013-10-29 13:00,2.9932,1.6208,4.2339,2.3874,297.8604,100702.4403
2013-10-29 14:00,1.4643,1.598,2.3219,2.4078,297.6179,100663.6524
2013-10-29 15:00,-0.0147,1.272,0.5609,2.9771,297.0984,100667.5635
2013-10-29 16:00,-0.6178,2.3037,-0.2149,3.614,295.5464,100673.6514
2013-10-29 17:00,-0.3739,2.3288,0.2173,3.743,295.1691,100707.2821
2013-10-29 18:00,0.1332,2.3141,0.9175,3.4142,293.0685,100724.569
2013-10-30 12:00,-1.4203,-1.9811,-1.867,-2.5442,293.2112,100999.2073
2013-10-30 13:00,-1.5979,-1.9294,-2.2129,-2.5001,293.1544,100955.3806
2013-10-30 14:00,-1.5973,-2.1943,-2.2374,-2.9469,292.6578,100974.2188
2013-10-30 15:00,-1.2817,-1.8915,-2.3076,-3.0913,292.2197,100998.91
2013-10-30 16:00,-0.9665,-1.3247,-2.5771,-2.7563,292.0391,101039.8184
2013-10-30 17:00,-1.7456,-1.4011,-3.9396,-2.2662,291.2231,101097.0106
2013-10-30 18:00,-2.8401,-1.3084,-5.3242,-1.8128,291.1947,101171.0538
2014-10-20 12:00,0.7429,-0.1462,0.9673,-0.0101,296.8735,101417.4339
2014-10-20 13:00,1.0139,-0.3269,1.3493,-0.2053,297.3003,101333.9939
2014-10-20 14:00,0.6422,-0.3423,0.9553,-0.253,297.39,101271.8452
2014-10-20 15:00,0.0057,-0.4173,0.3217,-0.3237,297.2594,101215.7573
2014-10-20 16:00,-1.2661,-0.2666,-1.1937,-0.1163,296.644,101212.206
2014-10-20 17:00,-1.7921,0.7669,-2.5852,1.1794,293.9404,101182.4498
2014-10-20 18:00,-1.4045,1.3815,-2.6982,2.3849,292.7197,101170.5731
2014-10-21 12:00,2.6478,0.8041,3.5345,1.2415,298.2515,100504.3816
2014-10-21 13:00,2.6398,1.0302,3.6018,1.5793,298.321,100374.6148
2014-10-21 14:00,1.4284,1.8262,2.0977,2.6268,298.336,100270.9758
2014-10-21 15:00,1.1902,1.6204,2.0796,2.781,298.1073,100195.4563
2014-10-21 16:00,1.3825,1.1258,3.3174,2.4344,297.0685,100209.808
2014-10-21 17:00,1.2605,2.1626,3.4035,4.1675,295.2206,100156.3496
2014-10-21 18:00,1.3076,3.0746,3.2942,5.8853,295.2596,100051.6255
2014-10-22 12:00,1.4189,-3.2866,1.9108,-4.4455,290.3599,100219.9585
2014-10-22 13:00,2.8138,-3.5634,3.7289,-5.0177,290.74,100186.5574
2014-10-22 14:00,3.8875,-3.9903,5.37,-5.7879,290.88,100188.3922
2014-10-22 15:00,4.4273,-3.4465,6.597,-5.3708,290.5691,100213.9108
2014-10-22 16:00,4.84,-2.6858,7.7955,-4.7878,289.6471,100278.9689
2014-10-22 17:00,5.2339,-1.9892,8.8011,-3.8664,287.0185,100326.3908
2014-10-22 18:00,5.669,-1.7302,9.6136,-3.509,286.4462,100372.7484
2014-10-23 12:00,1.6495,-1.9792,2.2236,-2.7422,289.7103,100180.5954
2014-10-23 13:00,0.8556,-1.7342,1.2857,-2.4053,290.4671,100160.0602
2014-10-23 14:00,-0.5027,-1.4362,-0.1547,-2.2317,290.537,100166.7644
2014-10-23 15:00,-2.5313,-0.0443,-3.9758,-0.5689,289.9771,100209.2123
2014-10-23 16:00,-2.7049,1.6751,-4.794,2.8918,289.3929,100293.8907
2014-10-23 17:00,-1.6038,2.6692,-2.946,4.4528,287.5376,100307.0732
2014-10-23 18:00,-0.6836,2.7812,-1.4304,4.7315,286.7139,100339.608
2014-10-24 12:00,0.2711,-1.0305,0.2529,-1.3318,293.5205,100713.3757
2014-10-24 13:00,0.8981,-0.7203,1.061,-1.0071,294.0397,100670.8665
2014-10-24 14:00,0.0324,-0.6066,0.0472,-0.8064,293.986,100660.1294
2014-10-24 15:00,-2.4329,0.221,-3.5176,0.4273,293.4287,100707.7282
2014-10-24 16:00,-3.2582,1.6255,-5.712,3.0379,291.9568,100761.3196
2014-10-24 17:00,-2.7611,2.3373,-5.1092,4.3711,288.8799,100802.8242
2014-10-24 18:00,-2.3578,2.4271,-4.6441,4.5668,288.3247,100889.2968
2014-10-25 12:00,-1.2929,-3.112,-1.6838,-4.0461,290.5108,101385.8763
2014-10-25 13:00,-1.3245,-2.9648,-1.7099,-3.8905,290.4856,101360.646
2014-10-25 14:00,-1.2057,-2.9547,-1.574,-3.9128,290.0683,101351.4453
2014-10-25 15:00,-1.0662,-2.7652,-1.4342,-3.7713,289.952,101372.3102
2014-10-25 16:00,-0.6994,-1.7557,-1.4977,-3.5683,288.6417,101399.5141
2014-10-25 17:00,-0.5315,-1.8055,-1.4193,-2.8829,287.9293,101434.5988
2014-10-25 18:00,0.6073,-0.9952,-0.871,-2.1384,287.5298,101465.1304
2014-10-26 12:00,-1.2121,-3.43,-1.6247,-4.4878,289.4076,101742.7397
2014-10-26 13:00,-1.5882,-3.6014,-2.1154,-4.765,289.6081,101716.3191
2014-10-26 14:00,-1.9769,-3.4394,-2.6206,-4.6293,289.635,101736.7014
2014-10-26 15:00,-2.0144,-2.9306,-2.7915,-4.0511,289.339,101723.0382
2014-10-26 16:00,-1.239,-1.7677,-2.6196,-3.39,288.5781,101739.8786
2014-10-26 17:00,-0.4001,-2.1713,-1.9901,-3.1859,286.2307,101764.8464
2014-10-26 18:00,0.5218,-1.7598,-1.5113,-3.0467,285.9182,101811.1675
2014-10-27 12:00,-1.2618,-3.3775,-1.6487,-4.5055,288.3778,101892.8903
2014-10-27 13:00,-1.4168,-3.5119,-1.8917,-4.7384,288.2291,101840.8179
2014-10-27 14:00,-1.4447,-3.2066,-2.0078,-4.4236,288.0837,101799.2647
2014-10-27 15:00,-1.3007,-2.6918,-1.8991,-3.7596,287.8769,101781.9654
2014-10-27 16:00,-0.5761,-1.8251,-1.3546,-3.0579,287.6366,101778.2319
2014-10-27 17:00,0.2479,-1.049,-0.5445,-2.7077,286.2153,101797.7451
2014-10-27 18:00,0.7122,-0.9627,0.1376,-2.838,285.9501,101793.3177
2014-10-28 12:00,0.027,-2.414,-0.0137,-3.145,287.5418,101567.8629
2014-10-28 13:00,-0.1338,-2.2842,-0.2189,-2.9433,287.5638,101482.1854
2014-10-28 14:00,-0.3435,-2.082,-0.5062,-2.7488,287.6327,101468.7037
2014-10-28 15:00,-0.5508,-1.8332,-0.7741,-2.4619,287.7211,101442.7307
2014-10-28 16:00,-0.4119,-0.9926,-0.9451,-2.1473,287.1836,101448.4308
2014-10-28 17:00,-0.6673,-1.024,-1.0208,-1.6342,285.5045,101456.6883
2014-10-28 18:00,-0.2986,-0.7708,-0.7666,-1.2068,285.3167,101438.7266
2014-10-29 12:00,-0.0012,-1.2968,0.0127,-1.5737,289.3321,101289.4229
2014-10-29 13:00,-0.1405,-1.2981,-0.1517,-1.5761,289.7304,101223.9253
2014-10-29 14:00,-0.2716,-1.2551,-0.3253,-1.5177,289.9055,101228.1257
2014-10-29 15:00,-0.9942,-1.558,-1.3259,-2.092,289.4407,101219.1279
2014-10-29 16:00,-1.6903,-1.5143,-2.4679,-2.324,287.288,101241.5161
2014-10-29 17:00,-2.1019,-0.7145,-2.9146,-1.5179,284.12,101279.299
2014-10-29 18:00,-1.6293,0.5453,-2.6522,-0.3443,284.3777,101326.3999
2014-10-30 12:00,0.9045,-1.8796,1.1828,-2.3304,289.7593,101703.9162
2014-10-30 13:00,0.7133,-1.9109,0.9449,-2.3848,290.3426,101667.6729
2014-10-30 14:00,0.7141,-1.8332,0.962,-2.3328,290.6828,101666.0112
2014-10-30 15:00,0.3743,-1.5201,0.6102,-2.2772,290.4409,101666.1862
2014-10-30 16:00,-0.0679,-1.6707,0.04,-2.36,289.618,101709.1223
2014-10-30 17:00,0.0618,-0.9434,-0.2689,-1.7475,287.0927,101757.3846
2014-10-30 18:00,0.2551,-0.0705,-0.1328,-0.973,286.7911,101782.4855
2015-10-20 12:00,-2.7056,-1.2738,-3.5152,-1.5974,290.0482,100962.3594
2015-10-20 13:00,-2.9717,-1.6146,-3.9259,-2.0703,289.992,100906.0947
2015-10-20 14:00,-3.0965,-1.5417,-4.1786,-2.0701,289.9214,100936.6117
2015-10-20 15:00,-3.0182,-0.7773,-4.4787,-1.1726,289.5749,100922.2286
2015-10-20 16:00,-1.9443,-0.1145,-4.6491,-0.3039,287.6445,100943.5056
2015-10-20 17:00,-2.5765,0.421,-4.3824,0.2239,284.9291,100978.7452
2015-10-20 18:00,-2.3351,0.765,-3.8495,0.2931,286.1227,101006.3278
2015-10-21 12:00,-2.7987,-3.4639,-3.7855,-4.6163,288.7572,100975.8146
2015-10-21 13:00,-2.6904,-3.5406,-3.7094,-4.7166,288.707,100875.5329
2015-10-21 14:00,-2.6303,-3.0697,-3.6367,-4.1891,288.4273,100880.3802
2015-10-21 15:00,-2.5122,-2.6027,-3.741,-3.7137,288.2504,100828.1822
2015-10-21 16:00,-1.3584,-1.9142,-3.1936,-3.7486,287.1617,100825.7234
2015-10-21 17:00,-0.018,-2.4217,-2.1538,-3.6692,285.1871,100865.2744
2015-10-21 18:00,0.7063,-1.4281,-1.1684,-3.8746,284.4112,100840.9306
2015-10-22 12:00,-3.0371,-5.1237,-4.3424,-7.1666,288.6781,100640.6672
2015-10-22 13:00,-2.7599,-4.907,-3.9953,-6.943,288.7048,100604.1518
2015-10-22 14:00,-3.0017,-4.6394,-4.3441,-6.6538,288.6591,100599.245
2015-10-22 15:00,-1.9782,-3.5323,-3.2936,-5.5092,288.4793,100626.6218
2015-10-22 16:00,-0.6338,-2.5137,-1.9426,-5.0068,287.636,100660.6795
2015-10-22 17:00,0.3988,-2.4203,-1.2132,-4.8413,284.7384,100699.8755
2015-10-22 18:00,0.6138,-2.1159,-1.1901,-4.5929,284.235,100777.1286
2015-10-23 12:00,-1.7996,-3.002,-2.4001,-3.9759,290.6445,101404.0251
2015-10-23 13:00,-1.9636,-2.8376,-2.6421,-3.792,290.7813,101380.6031
2015-10-23 14:00,-1.7093,-2.5776,-2.2859,-3.5167,290.5461,101401.2451
2015-10-23 15:00,-1.1392,-1.8484,-1.6965,-2.8537,290.4062,101402.654
2015-10-23 16:00,-0.4867,-1.7173,-1.0218,-2.5046,289.8176,101424.9831
2015-10-23 17:00,0.6654,-1.0654,-0.3669,-2.2579,288.4344,101466.1878
2015-10-23 18:00,0.7932,-0.3516,-0.1006,-1.9693,287.2759,101513.8102
2015-10-24 12:00,0.0829,-1.5226,0.1773,-1.863,291.0407,101534.0415
2015-10-24 13:00,-0.9205,-1.3402,-1.0724,-1.6538,291.4335,101461.7872
2015-10-24 14:00,-1.2926,-1.4664,-1.6035,-1.8375,291.185,101434.7393
2015-10-24 15:00,-0.6283,-1.6825,-0.8167,-2.3097,290.9816,101463.494
2015-10-24 16:00,-1.1887,-1.4806,-1.1798,-2.0422,290.5828,101471.2993
2015-10-24 17:00,-1.2491,0.3279,-1.2802,-0.5469,286.557,101486.8153
2015-10-24 18:00,0.133,1.2885,-0.2625,0.8195,283.6374,101507.7125
2015-10-25 12:00,-0.4585,-1.2397,-0.4199,-1.482,290.2769,101532.02
2015-10-25 13:00,-0.9001,-0.9235,-1.0088,-1.127,290.522,101500.7946
2015-10-25 14:00,-1.2205,-0.4063,-1.4541,-0.4348,290.4024,101493.3382
2015-10-25 15:00,-1.4327,-0.4399,-2.2775,-0.479,289.9517,101467.1371
2015-10-25 16:00,-1.6466,-0.4607,-2.5221,-0.19,287.8675,101490.7404
2015-10-25 17:00,-1.9209,0.2553,-2.0582,0.4671,285.2912,101540.6054
2015-10-25 18:00,-0.9753,1.2007,-1.3136,0.9842,284.8151,101568.0684
2015-10-26 12:00,0.4089,-0.893,0.6113,-1.0166,289.6197,101493.8585
2015-10-26 13:00,0.0973,-0.6057,0.2338,-0.657,290.131,101417.7554
2015-10-26 14:00,-0.3948,-0.7895,-0.3681,-0.9061,290.4939,101393.7103
2015-10-26 15:00,-0.859,-0.9075,-1.2098,-1.3578,290.0628,101367.2522
2015-10-26 16:00,-1.5653,-0.8444,-1.7026,-1.0083,287.8453,101340.5342
2015-10-26 17:00,-1.4326,0.3332,-1.4936,-0.0937,286.2791,101358.819
2015-10-26 18:00,-0.3217,0.9158,-0.9634,0.3799,285.0047,101389.6145
2015-10-27 12:00,-0.6429,-0.7285,-0.7319,-0.8323,288.8258,101411.0096
2015-10-27 13:00,-1.0954,-0.5055,-1.31,-0.5219,289.4606,101352.7131
2015-10-27 14:00,-1.5158,-0.4174,-1.8718,-0.447,289.638,101341.78
2015-10-27 15:00,-1.9184,-0.5751,-2.6837,-0.6618,289.1384,101335.2996
2015-10-27 16:00,-1.4962,-0.2468,-3.3277,-0.3252,287.358,101296.4064
2015-10-27 17:00,-2.179,0.2766,-3.0975,0.5129,285.3332,101296.6976
2015-10-27 18:00,-1.6791,1.0391,-2.5419,1.0913,285.8579,101304.874
2015-10-28 12:00,-0.9979,-0.8483,-1.4406,-0.962,288.3531,101070.8717
2015-10-28 13:00,-1.7551,-0.2478,-2.5032,-0.129,288.666,101007.77
2015-10-28 14:00,-2.4585,0.2194,-3.7273,0.6633,289.0907,100944.0388
2015-10-28 15:00,-2.1249,-0.0321,-3.9623,0.6526,288.8221,100925.8184
2015-10-28 16:00,-2.076,0.0329,-4.4321,1.0742,288.2962,100862.0201
2015-10-28 17:00,-2.1122,0.3861,-4.4873,1.6959,287.7546,100853.1292
2015-10-28 18:00,-1.6428,0.706,-3.9376,2.394,288.3092,100836.6087
2015-10-29 12:00,0.8011,-2.0399,1.1364,-2.6464,289.4049,100785.0967
2015-10-29 13:00,0.6666,-2.3346,1.0154,-3.075,289.1565,100779.6886
2015-10-29 14:00,0.5331,-2.2602,0.7713,-3.0504,289.0302,100837.5609
2015-10-29 15:00,0.2909,-2.4351,0.5944,-3.841,288.461,100873.753
2015-10-29 16:00,0.2927,-1.7887,0.5894,-3.8338,288.4623,100954.014
2015-10-29 17:00,1.0071,-1.5104,1.0739,-3.434,287.2113,101019.5165
2015-10-29 18:00,1.6383,-0.9011,1.4817,-2.7256,286.9798,101097.2036
2015-10-30 12:00,0.2718,-3.2179,0.41,-4.2474,290.3817,101637.9085
2015-10-30 13:00,-0.1469,-3.3533,-0.1444,-4.461,290.6942,101595.4148
2015-10-30 14:00,-0.5753,-3.2687,-0.7336,-4.4847,290.8834,101621.7055
2015-10-30 15:00,-0.4171,-2.568,-0.7762,-4.1199,290.5167,101610.2858
2015-10-30 16:00,0.5309,-2.2796,-0.1968,-3.6788,288.4978,101637.4701
2015-10-30 17:00,1.3751,-1.5275,0.6135,-3.6738,287.7364,101674.5869
2015-10-30 18:00,1.2789,-0.7782,1.2355,-3.4673,285.2351,101701.1219
2016-10-20 12:00,0.3141,-2.89,0.3467,-3.834,289.8221,100516.2694
2016-10-20 13:00,-0.7238,-3.3734,-1.1333,-4.7274,289.2736,100446.1244
2016-10-20 14:00,-1.5955,-2.2749,-2.2793,-3.3551,289.102,100498.0741
2016-10-20 15:00,-1.8338,-1.6193,-2.8747,-2.5177,288.5409,100504.373
2016-10-20 16:00,-1.5834,-1.1395,-3.2149,-2.2964,288.0773,100507.3625
2016-10-20 17:00,-1.0488,-1.1881,-2.6705,-2.304,287.2646,100521.611
2016-10-20 18:00,-0.8517,-1.0279,-2.2047,-1.9092,286.617,100526.2827
2016-10-21 12:00,1.6723,-2.5479,2.2139,-3.3266,288.8558,100563.27
2016-10-21 13:00,1.0114,-2.5733,1.3268,-3.3839,289.2185,100505.2355
2016-10-21 14:00,0.4802,-2.6746,0.6664,-3.5797,289.8003,100506.851
2016-10-21 15:00,0.0531,-2.4765,0.0948,-3.5759,289.5938,100521.7367
2016-10-21 16:00,-0.3877,-2.0639,-0.6582,-3.3426,288.2452,100554.9545
2016-10-21 17:00,-0.9649,-1.4143,-1.4637,-2.6678,287.1611,100600.5573
2016-10-21 18:00,-0.8638,-0.3376,-1.4034,-1.6508,286.2738,100657.1881
2016-10-22 12:00,-1.1411,-0.1792,-1.3784,-0.1432,289.9593,100918.5904
2016-10-22 13:00,-1.5613,-0.3962,-1.9318,-0.3841,290.4981,100845.1591
2016-10-22 14:00,-1.9687,-0.4089,-2.529,-0.445,290.7226,100850.5219
2016-10-22 15:00,-2.2646,-0.4955,-3.4481,-0.617,290.2849,100847.1597
2016-10-22 16:00,-2.0749,-0.2736,-4.6463,-0.2574,288.5659,100843.4911
2016-10-22 17:00,-1.8728,0.3257,-4.8159,0.9523,285.7231,100885.9705
2016-10-22 18:00,-1.8716,1.1365,-4.2834,2.0888,284.4067,100915.6798
2016-10-23 12:00,0.6496,-0.4242,0.8778,-0.4157,287.8332,101122.5254
2016-10-23 13:00,0.0727,-0.9318,0.0925,-1.0927,288.6454,101059.9638
2016-10-23 14:00,-0.3068,-1.0665,-0.3965,-1.2652,289.6317,101067.7456
2016-10-23 15:00,-0.9523,-0.8879,-1.2629,-1.1007,289.6088,101067.583
2016-10-23 16:00,-0.9793,-1.162,-1.8669,-1.4575,288.2584,101089.1402
2016-10-23 17:00,-1.241,-1.3287,-2.0257,-1.5,287.3256,101145.9626
2016-10-23 18:00,-1.6851,-0.2807,-2.3427,-0.8179,286.9999,101169.5969
2016-10-24 12:00,-0.4069,-0.8195,-0.5329,-0.8717,290.1298,101581.4629
2016-10-24 13:00,-0.4661,-1.5482,-0.6539,-1.8676,290.5308,101536.8291
2016-10-24 14:00,-0.5821,-2.096,-0.8442,-2.718,290.7611,101538.3686
2016-10-24 15:00,-1.0076,-1.2191,-1.3805,-1.5666,290.3377,101550.4882
2016-10-24 16:00,-1.4119,-0.3959,-2.1933,-0.5977,289.6747,101534.3318
2016-10-24 17:00,-1.0625,-0.1555,-2.7065,-0.2269,289.1078,101554.6331
2016-10-24 18:00,-1.38,-0.3224,-2.2363,-0.3527,289.0504,101565.8405
2016-10-25 12:00,-1.8729,-0.3296,-2.4143,-0.159,291.7172,101708.1922
2016-10-25 13:00,-2.7451,0.6089,-3.6258,0.9452,291.8891,101517.039
2016-10-25 14:00,-2.1756,0.5443,-2.7386,1.0995,291.6838,101475.913
2016-10-25 15:00,-2.1555,-1.4753,-3.4339,-1.5947,290.9461,101476.3672
2016-10-25 16:00,-2.4165,-1.2591,-4.7717,-1.6444,290.2553,101432.1553
2016-10-25 17:00,-1.497,-1.1337,-3.7771,-1.4948,289.3922,101473.2197
2016-10-25 18:00,-0.8379,-1.3946,-2.2727,-1.1027,289.4099,101486.6053
2016-10-26 12:00,0.2385,-0.6817,0.4979,-0.6574,289.9656,101525.6584
2016-10-26 13:00,-0.0852,-2.2414,-0.0356,-2.9418,289.9587,101499.4401
2016-10-26 14:00,-0.8945,-2.0908,-1.1753,-2.9698,290.1277,101498.5963
2016-10-26 15:00,-1.2696,-1.2598,-1.7971,-1.8537,290.5359,101467.3545
2016-10-26 16:00,-0.8894,-0.9631,-1.6985,-1.7157,290.5019,101435.9882
2016-10-26 17:00,-0.6182,-0.9073,-1.3576,-1.6946,289.799,101427.4104
2016-10-26 18:00,-0.2821,-0.9208,-1.0402,-1.9081,289.66,101413.1959
2016-10-27 12:00,-3.0392,-3.8893,-4.224,-5.2738,291.6005,102050.7945
2016-10-27 13:00,-3.4945,-3.3484,-4.905,-4.6387,291.653,102007.3478
2016-10-27 14:00,-3.6275,-2.9718,-5.2359,-4.1791,291.348,102013.2734
2016-10-27 15:00,-3.0838,-2.4183,-5.1857,-3.7892,290.9967,102038.9567
2016-10-27 16:00,-2.2467,-1.6601,-5.0923,-3.2564,289.8771,102082.4524
2016-10-27 17:00,-2.2505,-1.4146,-5.062,-2.6247,287.7127,102127.8063
2016-10-27 18:00,-2.876,-1.2609,-4.9645,-1.8623,286.4737,102181.0961
2016-10-28 12:00,-2.6613,-2.8466,-3.5753,-3.8143,289.8244,102509.8785
2016-10-28 13:00,-2.2019,-2.6193,-2.9087,-3.528,290.0167,102471.0389
2016-10-28 14:00,-1.8708,-2.4613,-2.5089,-3.3708,289.9101,102436.2821
2016-10-28 15:00,-1.0133,-1.7712,-1.6291,-2.7895,289.5966,102423.5462
2016-10-28 16:00,0.0602,-1.6902,-0.7402,-2.5257,289.0766,102405.2513
2016-10-28 17:00,1.1766,-0.9341,0.2022,-2.3368,287.7721,102435.8006
2016-10-28 18:00,1.4526,0.0485,1.1244,-1.4788,284.5455,102452.0127
2016-10-29 12:00,0.8705,-1.162,1.1798,-1.3761,291.0753,102000.6806
2016-10-29 13:00,0.5874,-0.683,0.8235,-0.7734,291.546,101871.8077
2016-10-29 14:00,0.2264,-0.4784,0.3958,-0.5064,292.0731,101834.5112
2016-10-29 15:00,-0.3359,-0.4667,-0.4203,-0.8215,291.9947,101787.2151
2016-10-29 16:00,-1.661,-1.1206,-1.3874,-1.3068,289.5761,101784.4724
2016-10-29 17:00,-1.904,0.2216,-1.8657,-0.5441,286.3878,101810.9023
2016-10-29 18:00,-0.996,1.4744,-1.7345,0.5645,285.2478,101803.8851
2016-10-30 12:00,-0.6975,-1.2485,-0.8509,-1.4574,290.2937,101766.5305
2016-10-30 13:00,-0.9469,-1.1897,-1.2039,-1.3842,290.9745,101673.7338
2016-10-30 14:00,-0.9245,-0.7954,-1.1681,-0.8962,291.6601,101653.0031
2016-10-30 15:00,-0.7605,-0.3665,-1.3368,-0.4279,291.4509,101627.586
2016-10-30 16:00,-1.7175,-0.3764,-1.9022,-0.1433,287.9895,101602.9281
2016-10-30 17:00,-1.8619,-0.2569,-2.2227,-0.2007,286.0255,101631.8835
2016-10-30 18:00,-1.6022,0.2042,-2.2257,-0.1189,286.9235,101671.5338
2017-10-20 12:00,-1.4789,-0.3219,-1.8337,-0.1105,291.386,101342.6287
2017-10-20 13:00,-1.4163,-0.8224,-1.7714,-0.815,292.1231,101309.1497
2017-10-20 14:00,-1.4171,-0.8572,-1.7392,-0.9104,292.502,101308.7573
2017-10-20 15:00,-2.0932,-1.2207,-2.884,-1.5412,292.1606,101288.484
2017-10-20 16:00,-2.2641,-0.8318,-4.4382,-1.3504,290.425,101296.2506
2017-10-20 17:00,-1.7809,-0.0498,-4.5199,0.0056,287.4787,101336.1425
2017-10-20 18:00,-2.2981,0.2616,-3.9366,0.6477,286.0889,101383.1603
2017-10-21 12:00,0.9916,-0.8395,1.36,-0.9093,294.738,101303.9086
2017-10-21 13:00,-0.467,-1.5403,-0.4463,-1.8613,295.2319,101251.7133
2017-10-21 14:00,-1.6081,-1.5148,-2.1011,-1.9031,295.3194,101224.06
2017-10-21 15:00,-2.0315,-1.1519,-2.7823,-1.4313,294.7556,101225.0124
2017-10-21 16:00,-2.3577,-0.6698,-4.3086,-0.7515,293.3886,101216.9678
2017-10-21 17:00,-2.057,0.0398,-4.4685,0.5482,290.9901,101208.2062
2017-10-21 18:00,-1.8659,0.4776,-3.781,1.3204,289.6483,101243.5695
2017-10-22 12:00,4.4278,2.9146,6.3253,4.2741,295.4772,100371.3937
2017-10-22 13:00,3.8756,2.0818,5.5147,3.0111,295.4349,100267.4127
2017-10-22 14:00,3.4898,2.1704,5.051,3.1217,295.2663,100186.8852
2017-10-22 15:00,3.4887,1.5891,5.697,2.6057,294.5212,100175.2708
2017-10-22 16:00,2.8734,0.2139,5.9612,0.6379,292.688,100143.3566
2017-10-22 17:00,2.3067,-1.1755,5.3034,-1.9326,290.7384,100124.5657
2017-10-22 18:00,2.9103,-1.8296,5.5324,-3.214,289.1594,100128.1732
2017-10-23 12:00,2.4547,-2.0162,3.2475,-2.725,291.9151,100594.2252
2017-10-23 13:00,2.0556,-1.7206,2.6724,-2.3163,292.3651,100596.0591
2017-10-23 14:00,2.6735,-1.7439,3.7905,-2.4496,292.593,100640.8868
2017-10-23 15:00,2.1333,-1.2195,4.183,-2.5809,292.256,100674.4267
2017-10-23 16:00,2.3596,-0.2162,5.0205,-1.9149,290.5362,100687.0074
2017-10-23 17:00,2.6944,0.2262,6.2387,-1.6396,287.8777,100713.5557
2017-10-23 18:00,2.9683,0.0943,6.6742,-2.1775,286.3677,100763.6413
2017-10-24 12:00,1.9546,-2.1547,2.6684,-2.8547,293.3033,101283.2041
2017-10-24 13:00,1.0554,-2.5978,1.4636,-3.4931,294.0267,101261.8782
2017-10-24 14:00,1.2993,-1.7839,1.8363,-2.5595,294.1578,101253.7943
2017-10-24 15:00,1.4807,-0.3852,3.4445,-1.3528,293.7442,101236.796
2017-10-24 16:00,2.2528,-0.5253,4.3715,-2.1329,291.5663,101265.4381
2017-10-24 17:00,2.3973,-0.7324,3.8441,-3.0249,289.5324,101371.0053
2017-10-24 18:00,2.2825,-0.0117,2.9036,-2.4623,287.4216,101409.1505
2017-10-25 12:00,-1.8995,0.2847,-2.4105,0.4037,292.8341,101893.0433
2017-10-25 13:00,-1.6164,0.1204,-2.0247,0.2202,292.8793,101876.2316
2017-10-25 14:00,-1.4267,-0.1296,-1.8083,-0.105,292.7028,101852.916
2017-10-25 15:00,-0.6577,-0.492,-1.3439,-0.8225,292.6411,101868.4225
2017-10-25 16:00,-1.0923,-0.914,-1.2471,-0.9734,292.5736,101901.5962
2017-10-25 17:00,-0.5307,0.4567,-0.954,-0.2265,290.1745,101945.1013
2017-10-25 18:00,0.2516,1.0458,-0.4149,0.7091,286.9106,101949.949
2017-10-26 12:00,-0.5732,-0.6296,-0.6491,-0.5945,293.3637,101887.7223
2017-10-26 13:00,-0.9906,-0.8671,-1.1628,-0.9136,294.1611,101819.1161
2017-10-26 14:00,-1.4295,-0.4384,-1.7483,-0.3658,294.4246,101780.2221
2017-10-26 15:00,-1.4052,-0.5619,-2.7565,-0.5233,293.7349,101719.4213
2017-10-26 16:00,-1.8084,-0.9517,-2.8696,-0.6431,290.6866,101714.9607
2017-10-26 17:00,-2.0254,-0.2786,-2.698,-0.1073,287.9419,101703.4212
2017-10-26 18:00,-0.8676,1.3287,-2.0851,1.0829,286.6218,101722.3377
2017-10-27 12:00,2.6227,0.4124,3.5267,0.7056,291.992,100774.9057
2017-10-27 13:00,2.8554,0.7177,3.8751,1.1271,292.7998,100620.7113
2017-10-27 14:00,2.2771,-0.2422,3.2423,-0.1337,293.3555,100636.9688
2017-10-27 15:00,0.5273,-0.9466,1.2132,-1.6414,293.0332,100670.5321
2017-10-27 16:00,-1.3305,-1.7867,-2.7592,-3.8416,290.9066,100730.1242
2017-10-27 17:00,-2.9849,-2.3928,-5.836,-4.6875,289.6671,100893.5276
2017-10-27 18:00,-2.3716,-1.5271,-5.1928,-3.3453,288.5141,101045.2978
2017-10-28 12:00,0.7501,1.4818,1.0317,1.9195,291.7425,101181.695
2017-10-28 13:00,0.9277,1.2886,1.3145,1.7076,292.4258,101048.5509
2017-10-28 14:00,1.3216,0.5616,1.8795,0.8703,292.7529,100959.9663
2017-10-28 15:00,-0.2693,-0.3878,0.3633,-0.2778,292.3164,100900.8489
2017-10-28 16:00,-1.4723,-0.0151,-1.2072,0.1578,290.4498,100853.1342
2017-10-28 17:00,-0.6535,1.3266,-1.0431,1.3166,286.6754,100832.3324
2017-10-28 18:00,0.2654,1.2147,-0.3418,1.2419,284.8221,100876.4449
2017-10-29 12:00,5.4289,4.0435,8.0861,5.9121,293.7993,99590.1736
2017-10-29 13:00,5.6111,4.6605,8.5007,6.9057,294.1691,99492.7105
2017-10-29 14:00,5.6887,4.806,9.0891,7.4856,294.0225,99455.2898
2017-10-29 15:00,5.668,4.5348,9.6244,7.344,293.5679,99448.2499
2017-10-29 16:00,5.3348,4.2886,9.5776,7.4155,292.7157,99463.3882
2017-10-29 17:00,5.0763,4.0353,9.3391,7.1313,291.4214,99518.1497
2017-10-29 18:00,4.3668,3.0639,8.628,5.6125,290.1894,99633.2693
2017-10-30 12:00,-4.1431,0.4272,-5.7376,0.8882,291.1325,100813.3146
2017-10-30 13:00,-4.2377,0.9649,-5.8512,1.5678,291.1995,100808.1236
2017-10-30 14:00,-4.1602,0.7456,-5.8581,1.3215,290.9369,100870.7551
2017-10-30 15:00,-3.3529,0.2676,-5.6636,0.8323,290.8712,100912.3618
2017-10-30 16:00,-2.6458,0.2518,-5.8259,1.2061,289.4495,100974.3926
2017-10-30 17:00,-2.3286,0.4539,-5.8211,1.7441,287.7917,101069.8794
2017-10-30 18:00,-2.252,0.7462,-5.5179,2.1704,287.2767,101175.7731
2018-10-20 12:00,-0.4031,-1.4077,-0.4816,-1.7165,294.5399,101664.3717
2018-10-20 13:00,-0.5035,-1.2214,-0.614,-1.4913,294.9859,101603.344
2018-10-20 14:00,-0.721,-0.8214,-0.8726,-1.0312,295.145,101572.5575
2018-10-20 15:00,-1.1286,-0.5367,-1.5319,-0.7415,295.0746,101554.8796
2018-10-20 16:00,-1.853,-0.2841,-2.3849,-0.5915,293.7024,101522.0452
2018-10-20 17:00,-1.8422,0.2664,-2.3749,-0.0464,291.7935,101564.3349
2018-10-20 18:00,-0.8333,1.0917,-1.6865,0.572,291.0488,101596.9467
2018-10-21 12:00,-3.7793,-1.5237,-5.0712,-1.9505,290.7931,101200.9167
2018-10-21 13:00,-5.3057,-0.2973,-7.6361,-0.232,289.8463,101172.822
2018-10-21 14:00,-5.3632,0.1225,-8.6243,0.5429,288.6614,101219.7527
2018-10-21 15:00,-7.1426,-1.1806,-11.6935,-1.5647,287.458,101292.8433
2018-10-21 16:00,-7.1715,-2.3204,-11.6714,-3.5113,287.3823,101456.44
2018-10-21 17:00,-4.043,0.8706,-7.6084,1.0596,285.6576,101613.4473
2018-10-21 18:00,-0.8196,1.7775,-3.2616,3.6081,285.3146,101578.8729
2018-10-22 12:00,-2.5187,-4.2199,-3.6449,-5.7578,289.2565,101412.7437
2018-10-22 13:00,-2.4364,-4.1986,-3.4986,-5.7379,289.6083,101360.7183
2018-10-22 14:00,-2.1731,-4.2676,-3.2146,-6.0389,289.7241,101318.0519
2018-10-22 15:00,-2.0123,-3.6396,-3.3817,-5.7566,289.8337,101308.4739
2018-10-22 16:00,-1.6424,-2.9021,-3.4472,-5.3693,289.3325,101335.7852
2018-10-22 17:00,-1.6812,-2.7152,-3.8043,-5.1374,287.9116,101401.6933
2018-10-22 18:00,-1.684,-2.3613,-4.1246,-4.629,287.175,101448.5291
2018-10-23 12:00,0.4874,-1.7588,0.5524,-2.2042,291.6445,101569.3534
2018-10-23 13:00,1.0972,-2.0881,1.365,-2.6755,291.844,101491.1011
2018-10-23 14:00,1.1534,-1.9713,1.4684,-2.5976,292.0949,101447.875
2018-10-23 15:00,1.3377,-1.2463,2.0197,-1.9243,291.8453,101383.7792
2018-10-23 16:00,1.9841,-0.0509,2.5544,-0.9765,291.0786,101313.797
2018-10-23 17:00,1.8119,0.933,3.1121,-0.0598,287.0461,101305.9917
2018-10-23 18:00,1.198,1.1439,3.4305,1.0117,285.2055,101275.1654
2018-10-24 12:00,5.26,1.0015,7.9469,1.3782,297.9991,100273.8981
2018-10-24 13:00,4.4586,-0.0032,7.0185,-0.0956,298.0247,100256.8257
2018-10-24 14:00,2.7524,-0.4133,5.1892,-1.1876,297.7343,100269.8917
2018-10-24 15:00,2.3708,0.5249,5.5083,0.6772,296.2526,100232.3424
2018-10-24 16:00,2.2828,0.7896,4.1986,0.4906,296.5537,100261.7058
2018-10-24 17:00,0.68,1.4723,2.348,0.1381,294.018,100351.5152
2018-10-24 18:00,0.0351,1.5475,0.4273,0.5807,290.7741,100447.5169
2018-10-25 12:00,0.6287,-2.3177,0.9075,-2.9246,294.425,100933.6247
2018-10-25 13:00,0.4284,-1.2314,0.6491,-1.4498,294.8641,100900.5836
2018-10-25 14:00,0.5457,-1.4614,0.8553,-1.7068,294.98,100858.6529
2018-10-25 15:00,-0.6666,-2.2051,-0.9178,-3.4862,294.4022,100824.2713
2018-10-25 16:00,-1.3311,-1.4333,-3.0644,-3.2931,292.3166,100814.4356
2018-10-25 17:00,-2.07,-0.5466,-3.1898,-1.1689,289.9574,100839.9139
2018-10-25 18:00,-1.2709,0.5085,-2.3189,0.0285,289.6089,100875.204
2018-10-26 12:00,0.7364,1.1813,1.0245,1.6909,294.9551,100628.6107
2018-10-26 13:00,0.9369,0.876,1.3348,1.3518,295.2258,100562.8395
2018-10-26 14:00,-0.0369,0.0052,0.1446,0.4227,295.0551,100517.7317
2018-10-26 15:00,-0.0997,-0.1686,-0.0881,0.53,294.6151,100489.2421
2018-10-26 16:00,0.1944,0.5296,0.3932,1.2889,292.7114,100471.6255
2018-10-26 17:00,0.6134,1.704,1.633,2.382,291.1202,100487.6705
2018-10-26 18:00,0.9609,2.1316,2.8376,3.2671,291.0674,100508.5488
2018-10-27 12:00,-0.7064,3.7258,-0.5541,5.4405,297.5477,99577.6964
2018-10-27 13:00,0.6195,4.0807,1.1155,5.9418,297.6479,99535.543
2018-10-27 14:00,0.4227,3.5028,1.1751,5.7164,297.6333,99529.2848
2018-10-27 15:00,-0.5475,3.0631,-0.0542,6.1508,296.7304,99489.8477
2018-10-27 16:00,-1.2443,2.9646,-1.302,6.7341,295.099,99484.1653
2018-10-27 17:00,-1.8428,3.3982,-2.2981,7.3885,294.152,99511.7595
2018-10-27 18:00,-1.5104,3.796,-1.8075,7.8281,294.1268,99529.3997
2018-10-28 12:00,-0.8367,4.5123,-1.0746,6.3999,293.7527,99322.1812
2018-10-28 13:00,-2.3379,3.4836,-3.1946,5.1597,293.7737,99371.9393
2018-10-28 14:00,-1.4977,2.3129,-1.8189,4.5064,293.3,99391.118
2018-10-28 15:00,-2.1275,1.2294,-3.1965,3.4741,292.6817,99421.9512
2018-10-28 16:00,-2.0393,1.9241,-3.4662,4.7546,292.329,99465.9153
2018-10-28 17:00,-1.5577,1.4343,-2.5019,4.0735,291.0247,99462.7754
2018-10-28 18:00,-1.4419,1.5971,-2.2103,4.4869,291.105,99512.5721
2018-10-29 12:00,-4.6947,3.8653,-7.7372,7.3283,294.7086,98900.1961
2018-10-29 13:00,-6.282,3.5459,-10.0551,6.4436,294.3157,98776.0927
2018-10-29 14:00,-7.2671,4.3,-11.289,7.4264,294.1313,98701.3207
2018-10-29 15:00,-6.8302,4.0705,-10.9943,7.109,293.7445,98526.4161
2018-10-29 16:00,-6.733,4.6239,-10.8336,8.4379,293.0969,98437.1454
2018-10-29 17:00,-5.8356,5.286,-9.6193,9.1151,293.0956,98434.5694
2018-10-29 18:00,-3.1075,6.3523,-4.0317,11.5686,292.4278,98686.587
2018-10-30 12:00,1.9227,3.8504,2.6177,5.4035,291.2274,100223.0655
2018-10-30 13:00,2.4657,3.0732,3.5504,4.4162,291.4176,100314.5536
2018-10-30 14:00,2.2259,1.9711,3.2632,2.871,290.6337,100396.0555
2018-10-30 15:00,1.2654,1.4562,2.6544,2.7161,290.0386,100495.2345
2018-10-30 16:00,0.4278,1.8062,1.5819,2.5009,288.2458,100587.9392
2018-10-30 17:00,-0.8802,1.4738,0.1836,2.3187,286.5598,100690.3187
2018-10-30 18:00,-0.9516,1.9137,-0.5905,3.1666,286.1198,100789.0541
2019-10-20 12:00,-0.6825,1.3006,-0.6097,1.8297,296.6096,101140.2334
2019-10-20 13:00,-0.496,1.3206,-0.3944,1.8772,297.2681,101064.773
2019-10-20 14:00,-1.8088,0.1356,-2.2609,0.4643,297.1672,101046.9697
2019-10-20 15:00,-2.2041,-0.0123,-3.7615,0.3018,296.7775,101035.5882
2019-10-20 16:00,-2.2951,0.1423,-4.7991,0.9324,295.5339,101063.1599
2019-10-20 17:00,-2.3812,0.6913,-4.9059,2.3713,293.4729,101079.0087
2019-10-20 18:00,-1.9628,0.8112,-3.9573,2.8515,291.809,101105.9606
2019-10-21 12:00,-1.7525,0.8569,-2.0443,1.3539,299.462,101442.6989
2019-10-21 13:00,-2.2957,0.6569,-2.8202,1.1193,299.7908,101399.3236
2019-10-21 14:00,-2.6258,0.5305,-3.4315,0.9437,299.5648,101403.8965
2019-10-21 15:00,-2.8822,0.1689,-4.3895,0.6612,298.5606,101392.4343
2019-10-21 16:00,-2.5843,0.1726,-5.1083,1.262,296.721,101382.6902
2019-10-21 17:00,-2.1284,0.4484,-4.6593,1.8717,294.0419,101450.5127
2019-10-21 18:00,-2.0985,0.9678,-3.9463,2.1712,292.7032,101454.7761
2019-10-22 12:00,-2.2564,-1.0534,-2.9043,-1.176,295.4649,101567.734
2019-10-22 13:00,-2.3347,-1.6765,-3.0553,-2.0374,295.6448,101477.4484
2019-10-22 14:00,-2.218,-1.5102,-2.8896,-1.9276,295.5624,101504.7643
2019-10-22 15:00,-2.1182,-0.829,-2.8489,-1.0146,295.01,101471.8396
2019-10-22 16:00,-1.2995,-0.2699,-3.0103,-0.3173,293.8404,101493.7572
2019-10-22 17:00,-2.0655,-0.0483,-2.996,0.4201,291.1014,101501.3099
2019-10-22 18:00,-1.7637,0.5934,-2.4501,1.0069,291.5059,101514.2419
2019-10-23 12:00,-2.2902,0.0031,-2.8722,0.2055,294.5968,101253.2146
2019-10-23 13:00,-2.2384,0.383,-2.7838,0.7371,295.0652,101175.5914
2019-10-23 14:00,-2.5012,0.1685,-3.199,0.4339,294.9105,101166.3669
2019-10-23 15:00,-2.5287,0.1784,-3.6415,0.4887,294.4018,101105.747
2019-10-23 16:00,-1.5702,0.113,-3.5801,0.9338,292.8193,101124.0654
2019-10-23 17:00,-2.2235,0.4068,-3.3305,1.5201,289.5431,101159.8733
2019-10-23 18:00,-2.1215,0.8884,-3.1907,1.5922,289.3332,101149.4325
2019-10-24 12:00,-1.9985,-1.2667,-2.6911,-1.4798,293.2592,100907.2327
2019-10-24 13:00,-2.2489,-1.5085,-3.1019,-1.9529,293.2964,100860.3358
2019-10-24 14:00,-2.9088,-1.028,-4.4119,-1.3064,292.6183,100839.7179
2019-10-24 15:00,-3.1265,-0.4574,-5.5401,-0.4126,292.3296,100829.023
2019-10-24 16:00,-2.7555,0.1691,-5.1831,0.774,291.8375,100815.4764
2019-10-24 17:00,-2.2876,0.0394,-4.6533,0.731,290.9061,100826.7602
2019-10-24 18:00,-1.6626,-0.0623,-3.8459,0.427,290.5679,100852.3317
2019-10-25 12:00,-1.9703,-1.9118,-2.5577,-2.4848,293.5922,101278.9491
2019-10-25 13:00,-2.1823,-1.8578,-2.8932,-2.4305,294.1005,101270.043
2019-10-25 14:00,-2.2567,-1.9242,-3.0731,-2.5995,294.1022,101295.0128
2019-10-25 15:00,-1.9801,-1.5601,-3.1355,-2.3543,293.8882,101331.8918
2019-10-25 16:00,-1.3022,-1.0124,-2.9882,-1.9872,292.8001,101389.5225
2019-10-25 17:00,-1.3731,-1.26,-2.5567,-1.5101,291.7136,101448.9709
2019-10-25 18:00,-0.551,-0.7924,-1.7917,-0.6382,291.8044,101495.5244
2019-10-26 12:00,0.7915,-1.337,1.0515,-1.6255,294.9741,101608.9557
2019-10-26 13:00,0.4314,-1.3038,0.5726,-1.5739,295.5978,101555.5505
2019-10-26 14:00,-0.2379,-1.0432,-0.2434,-1.2808,295.9539,101537.504
2019-10-26 15:00,-0.6656,-0.5753,-0.958,-1.1211,295.7807,101519.5053
2019-10-26 16:00,-1.4054,-0.3848,-1.3859,-0.6502,295.5733,101524.3672
2019-10-26 17:00,-0.66,0.7969,-0.8928,0.1767,292.0174,101566.1216
2019-10-26 18:00,0.2621,1.3271,-0.1858,1.0635,288.6608,101608.1248
2019-10-27 12:00,-0.6393,0.5449,-0.6363,0.8654,295.505,101350.8534
2019-10-27 13:00,-0.7675,0.2717,-0.7904,0.5761,296.1715,101302.4592
2019-10-27 14:00,-1.0667,0.0575,-1.2137,0.3102,296.1342,101239.2311
2019-10-27 15:00,-1.116,-0.1254,-1.9803,0.329,295.0276,101193.1468
2019-10-27 16:00,-2.0042,-0.2303,-2.1387,0.404,291.9134,101183.3432
2019-10-27 17:00,-1.7394,0.5212,-1.9605,0.5381,289.0597,101197.1227
2019-10-27 18:00,-0.651,1.2753,-1.8519,0.9329,287.4126,101204.3505
2019-10-28 12:00,0.0706,-1.0148,0.2516,-1.1397,292.9232,100980.072
2019-10-28 13:00,-0.1767,-1.1067,-0.0848,-1.2817,293.4283,100907.9908
2019-10-28 14:00,-0.9152,-1.1382,-1.017,-1.3665,293.5548,100896.6465
2019-10-28 15:00,-1.3641,-1.4339,-2.3495,-2.3212,292.8399,100843.7358
2019-10-28 16:00,-1.4244,-1.1102,-3.1107,-2.2777,291.144,100841.1228
2019-10-28 17:00,-1.4317,-0.5011,-3.4024,-1.2577,288.6182,100876.4843
2019-10-28 18:00,-1.9925,0.1263,-2.9322,-0.2361,288.1212,100915.7314
2019-10-29 12:00,2.2863,0.6052,3.0478,0.9476,293.5735,100848.5099
2019-10-29 13:00,2.2519,0.1256,3.0873,0.3634,293.9346,100806.8784
2019-10-29 14:00,1.4927,-1.199,2.3867,-1.5137,293.8445,100823.4333
2019-10-29 15:00,0.0682,-1.1564,0.3808,-2.1158,293.3239,100866.6471
2019-10-29 16:00,-0.6703,-1.6711,-0.9511,-2.3691,292.1915,100887.3243
2019-10-29 17:00,-0.8651,-1.4443,-2.0849,-3.0083,291.3485,100956.9384
2019-10-29 18:00,-1.0366,-1.1615,-2.4953,-2.5883,291.0197,101034.5762
2019-10-30 12:00,-2.3479,-2.7049,-3.5606,-3.858,288.7467,101292.5936
2019-10-30 13:00,-2.4309,-2.1495,-3.7736,-2.9733,288.7534,101280.7815
2019-10-30 14:00,-2.3347,-2.2834,-3.829,-3.4104,288.4605,101293.9326
2019-10-30 15:00,-2.1871,-2.4346,-3.9095,-3.875,288.3972,101317.8196
2019-10-30 16:00,-2.218,-2.1503,-4.0915,-3.3972,288.2527,101350.613
2019-10-30 17:00,-2.41,-1.2341,-4.5024,-1.8481,287.715,101366.2462
2019-10-30 18:00,-1.8853,-1.0478,-4.1071,-1.2679,287.7617,101400.3636
2020-10-20 12:00,-0.0172,0.2704,0.0477,0.4361,291.5657,101881.656
2020-10-20 13:00,0.0569,-0.1881,0.2385,-0.0626,292.1027,101832.9468
2020-10-20 14:00,-0.8554,-0.3627,-0.9223,-0.3092,292.4353,101802.6893
2020-10-20 15:00,-1.9641,-0.4137,-2.9633,-0.5449,292.0459,101732.6312
2020-10-20 16:00,-1.5603,-0.5856,-3.7717,-0.7267,290.3828,101750.3797
2020-10-20 17:00,-2.2218,-0.38,-3.9391,-0.2151,286.8997,101849.6019
2020-10-20 18:00,-1.9806,1.4505,-4.8215,2.7084,285.4795,101796.5001
2020-10-21 12:00,0.3435,0.7893,0.5742,1.0904,292.3923,101776.9094
2020-10-21 13:00,0.2167,0.6137,0.4216,0.8653,293.0289,101720.1772
2020-10-21 14:00,-0.1463,0.6378,0.1053,0.9195,293.2977,101682.6364
2020-10-21 15:00,-0.8133,0.2577,-0.9919,0.7608,292.9713,101646.1907
2020-10-21 16:00,-2.0062,0.2108,-2.4135,0.8195,290.4023,101652.4988
2020-10-21 17:00,-2.2756,0.8121,-2.9576,1.2805,288.0918,101671.7231
2020-10-21 18:00,-0.7945,1.3384,-1.8291,1.5959,287.5646,101699.7129
2020-10-22 12:00,-0.2367,0.5974,-0.0182,0.8796,293.6062,101703.7791
2020-10-22 13:00,-0.2967,0.1294,-0.1426,0.3034,294.0536,101621.954
2020-10-22 14:00,-1.5231,-0.3486,-1.8214,-0.2783,294.0529,101607.8858
2020-10-22 15:00,-2.0039,-0.1498,-2.8863,0.0335,293.2861,101599.0479
2020-10-22 16:00,-1.9932,-0.0445,-3.254,0.7221,291.3599,101600.556
2020-10-22 17:00,-1.8674,-0.2056,-2.3794,0.8157,289.467,101635.3081
2020-10-22 18:00,-1.2778,0.3144,-1.6321,0.7281,287.8456,101678.9813
2020-10-23 12:00,-1.6748,0.669,-2.0867,1.2412,292.1088,101373.2591
2020-10-23 13:00,-1.6542,0.0235,-2.2941,0.5865,292.3402,101301.3044
2020-10-23 14:00,-1.7034,-0.2055,-3.0042,0.3754,292.8036,101264.1831
2020-10-23 15:00,-1.6288,0.3435,-3.378,1.623,292.5572,101229.1009
2020-10-23 16:00,-1.9436,0.8883,-3.9794,3.0337,291.5219,101182.3131
2020-10-23 17:00,-1.8435,1.1487,-3.8735,3.5973,291.0163,101167.8353
2020-10-23 18:00,-1.3551,1.6685,-2.7239,4.5793,290.5957,101174.0729
2020-10-24 12:00,-0.3887,-0.6753,-0.3026,-0.7036,291.4644,100925.2995
2020-10-24 13:00,-1.2982,-0.8291,-1.6492,-1.0938,289.7839,100909.536
2020-10-24 14:00,0.134,-0.2631,0.0558,-0.2504,288.745,100972.2985
2020-10-24 15:00,1.1913,-0.0796,2.0051,-0.0231,289.2099,100895.7087
2020-10-24 16:00,1.1571,0.0051,2.8732,0.3851,289.4924,100915.5561
2020-10-24 17:00,0.284,-1.2436,1.3804,-1.0707,287.7669,100872.206
2020-10-24 18:00,0.9457,-0.7189,1.527,-1.1226,288.0918,100910.6587
2020-10-25 12:00,2.3577,0.2803,3.0521,0.4525,293.2286,100871.9516
2020-10-25 13:00,2.6593,0.4094,3.5104,0.6622,293.5464,100795.8088
2020-10-25 14:00,2.4982,1.0395,3.4323,1.5219,293.8352,100745.2212
2020-10-25 15:00,1.812,1.22,3.2888,2.3041,293.6188,100721.2469
2020-10-25 16:00,1.1432,1.546,3.2128,3.2227,292.3527,100691.8008
2020-10-25 17:00,0.8928,1.9683,3.1358,4.3691,290.0226,100712.6992
2020-10-25 18:00,1.3404,2.0684,3.8942,4.6153,289.1878,100730.3953
2020-10-26 12:00,-0.1471,4.8857,0.04,6.8901,295.4324,100161.8634
2020-10-26 13:00,-1.12,3.9179,-1.351,6.2084,295.5771,100031.8746
2020-10-26 14:00,-0.6769,4.9255,-0.7846,7.9072,295.0686,99995.4065
2020-10-26 15:00,-0.0587,4.7184,0.5136,8.3507,294.2958,99953.1444
2020-10-26 16:00,-0.1415,4.4353,0.4029,8.1438,293.3509,99933.5258
2020-10-26 17:00,-0.6196,3.8735,-0.2757,7.4707,292.0686,99916.8616
2020-10-26 18:00,-1.0296,3.5353,-1.0529,7.2986,291.5314,99924.6727
2020-10-27 12:00,2.2445,1.6838,3.0262,2.264,291.8637,100267.8206
2020-10-27 13:00,2.6328,1.0182,3.5318,1.4731,291.979,100287.17
2020-10-27 14:00,2.6939,0.2225,3.6988,0.4967,291.7022,100335.3612
2020-10-27 15:00,1.4647,-0.5434,2.7034,-0.6568,291.3406,100378.0281
2020-10-27 16:00,0.704,-1.7693,1.2887,-2.2479,290.3831,100464.2647
2020-10-27 17:00,0.5685,-1.9771,0.3395,-2.9824,287.6058,100575.5417
2020-10-27 18:00,1.2769,-1.1152,0.7143,-2.2839,287.8278,100633.5053
2020-10-28 12:00,1.6488,-0.4507,2.144,-0.4602,289.8076,101114.7957
2020-10-28 13:00,1.3702,-0.7693,1.8304,-0.8623,290.2768,101078.2076
2020-10-28 14:00,0.9082,-0.6954,1.2789,-0.7663,290.7736,101092.6776
2020-10-28 15:00,0.0215,-0.7677,0.4632,-0.8191,290.8182,101078.3169
2020-10-28 16:00,-0.957,-0.702,-0.4875,-0.9448,289.9566,101070.4398
2020-10-28 17:00,-1.0429,0.3514,-0.9219,-0.5293,286.3134,101094.2732
2020-10-28 18:00,-0.0808,0.9045,-0.7145,0.1849,284.7893,101159.4595
2020-10-29 12:00,2.3296,-0.4577,3.112,-0.4451,290.8046,101211.7323
2020-10-29 13:00,2.5429,-1.2756,3.4915,-1.5836,291.3652,101235.2689
2020-10-29 14:00,1.9832,-0.8084,2.8929,-1.0265,291.6815,101213.0377
2020-10-29 15:00,1.4427,-0.1065,2.1864,-0.1611,291.2604,101204.6495
2020-10-29 16:00,0.9881,-0.7502,1.8135,-0.4891,290.2159,101247.8508
2020-10-29 17:00,-0.4906,-1.1789,0.3657,-1.5587,287.1696,101328.5738
2020-10-29 18:00,-0.4476,0.2246,-0.717,-0.8661,286.7442,101368.4829
2020-10-30 12:00,0.7326,-0.6385,1.0694,-0.6204,291.1302,101692.6648
2020-10-30 13:00,0.1427,-0.8469,0.3639,-0.9207,291.3866,101644.1024
2020-10-30 14:00,-0.3015,-0.7895,-0.1865,-0.8823,291.6453,101656.9345
2020-10-30 15:00,-0.8825,-1.0926,-1.3316,-1.6539,291.4092,101642.8015
2020-10-30 16:00,-1.725,-1.0283,-2.5362,-1.4528,288.9856,101627.2105
2020-10-30 17:00,-2.1948,-0.3362,-2.775,-0.7146,285.4869,101691.9275
2020-10-30 18:00,-1.5406,1.0859,-2.5968,0.5037,285.1685,101738.4055
2021-10-20 12:00,-0.1657,0.8113,0.0335,1.1293,294.3687,101784.1037
2021-10-20 13:00,0.1037,1.1418,0.3417,1.5185,294.8065,101725.2257
2021-10-20 14:00,0.083,1.4236,0.4243,1.9111,295.0068,101678.2539
2021-10-20 15:00,-0.6729,1.5968,-0.367,3.0028,294.3471,101598.1393
2021-10-20 16:00,-0.8324,2.2072,-0.6582,3.9634,292.5368,101539.5615
2021-10-20 17:00,-0.4592,2.3112,0.1213,3.7343,290.0868,101513.0079
2021-10-20 18:00,0.8898,2.4504,2.1014,3.6807,289.2561,101536.624
2021-10-21 12:00,4.6257,4.4063,6.6043,6.3644,294.6899,100658.4345
2021-10-21 13:00,4.1827,3.9446,6.1803,6.0368,294.6196,100622.1911
2021-10-21 14:00,3.2471,2.6466,5.314,4.5522,294.2991,100608.7604
2021-10-21 15:00,2.0887,1.9998,4.2145,4.1269,293.5594,100604.9712
2021-10-21 16:00,1.2517,1.4961,3.4379,3.6079,293.155,100586.7096
2021-10-21 17:00,1.919,1.3788,2.9163,2.5229,292.3432,100620.8804
2021-10-21 18:00,1.0551,0.9801,2.237,1.7551,291.4651,100680.3719
2021-10-22 12:00,0.1512,0.4732,0.2782,0.6399,291.0031,100938.13
2021-10-22 13:00,0.1908,-0.4736,0.3176,-0.5437,291.7036,100885.8959
2021-10-22 14:00,-0.2624,-1.0261,-0.2158,-1.3176,292.2923,100904.1822
2021-10-22 15:00,-0.9317,-0.8332,-1.1916,-1.2012,292.2437,100908.4652
2021-10-22 16:00,-1.6131,-0.3225,-2.278,-0.1197,290.7587,100921.0435
2021-10-22 17:00,-1.8296,0.1372,-2.4854,0.7486,289.4609,100920.3321
2021-10-22 18:00,-1.2103,0.4434,-1.8947,1.1252,289.5231,100993.2577
2021-10-23 12:00,-0.0695,-1.616,0.0314,-2.0377,290.486,101607.1689
2021-10-23 13:00,-0.5027,-2.0848,-0.6162,-2.7272,291.0359,101576.9589
2021-10-23 14:00,-0.6149,-1.8154,-0.8109,-2.4285,290.7817,101595.0562
2021-10-23 15:00,-0.776,-1.5237,-1.1598,-2.3752,290.624,101586.8231
2021-10-23 16:00,-1.4062,-0.9062,-1.7881,-1.6574,290.0049,101625.1829
2021-10-23 17:00,-1.6293,0.0926,-2.4064,-0.9,287.8359,101717.0011
2021-10-23 18:00,-1.4576,1.0089,-2.9848,0.1594,287.6788,101769.7259
2021-10-24 12:00,-2.2772,-2.6545,-2.9762,-3.4247,290.2311,102118.6267
2021-10-24 13:00,-2.5686,-2.585,-3.3799,-3.3888,290.0321,102048.6605
2021-10-24 14:00,-2.7772,-2.3729,-3.7595,-3.1667,289.5805,102012.6397
2021-10-24 15:00,-2.3098,-1.9586,-3.255,-2.7017,289.0978,101963.9848
2021-10-24 16:00,-1.2544,-1.0206,-3.0795,-2.187,287.6662,101906.2509
2021-10-24 17:00,-1.052,-1.4016,-2.6722,-1.6645,286.776,101921.2144
2021-10-24 18:00,0.4445,-0.6552,-1.2438,-1.1176,286.0349,101946.2616
2021-10-25 12:00,-2.1514,-0.9476,-2.827,-1.0891,289.3432,101668.2965
2021-10-25 13:00,-2.1654,-0.813,-2.8366,-0.908,289.5646,101600.474
2021-10-25 14:00,-2.2341,-0.973,-2.9636,-1.174,289.607,101581.5902
2021-10-25 15:00,-2.2911,-0.8772,-3.5046,-1.2856,289.4555,101538.4456
2021-10-25 16:00,-1.9549,-0.5158,-4.3161,-1.0048,288.5756,101528.7186
2021-10-25 17:00,-1.8963,-0.3404,-4.1713,-0.4523,286.4711,101542.1362
2021-10-25 18:00,-1.7846,-0.7016,-3.2448,-0.3879,286.8816,101573.1839
2021-10-26 12:00,-0.4857,-1.6088,-0.5669,-2.0267,287.6583,101483.1134
2021-10-26 13:00,-0.8729,-1.2748,-1.0565,-1.5984,287.761,101448.4692
2021-10-26 14:00,-1.3632,-1.266,-1.7228,-1.6434,287.709,101459.3427
2021-10-26 15:00,-1.399,-1.1072,-1.9158,-1.4893,287.9833,101471.3997
2021-10-26 16:00,-0.9777,-0.7676,-2.2922,-1.6566,287.8325,101527.0271
2021-10-26 17:00,-1.4286,-0.6721,-2.5129,-1.1818,286.5728,101592.5072
2021-10-26 18:00,-1.3754,0.1288,-2.2124,-0.2439,286.3663,101639.3114
2021-10-27 12:00,0.0302,-2.2985,0.0035,-2.9298,291.4317,101903.2249
2021-10-27 13:00,-0.6096,-2.6092,-0.7419,-3.3864,291.5468,101816.2252
2021-10-27 14:00,-1.3256,-2.7383,-1.7087,-3.6814,291.3705,101795.0843
2021-10-27 15:00,-1.2883,-2.3286,-1.9711,-3.4837,291.1931,101780.0092
2021-10-27 16:00,-0.7773,-2.3112,-1.7115,-3.6085,289.5179,101773.9536
2021-10-27 17:00,0.4731,-1.9495,-1.0671,-3.3651,288.2067,101784.8398
2021-10-27 18:00,1.376,-0.9105,-0.0939,-2.5171,284.9657,101799.0334
2021-10-28 12:00,-0.9008,-1.4994,-1.1404,-1.838,290.7285,101594.6228
2021-10-28 13:00,-1.2429,-1.3713,-1.5661,-1.6697,290.8928,101499.0787
2021-10-28 14:00,-1.3781,-1.2661,-1.7136,-1.5853,290.8802,101448.8972
2021-10-28 15:00,-1.6289,-0.9708,-2.3468,-1.4135,290.632,101451.3297
2021-10-28 16:00,-1.7598,-0.9472,-2.4285,-1.2343,288.7479,101443.3926
2021-10-28 17:00,-1.3646,-1.2507,-2.1042,-1.2118,285.9153,101438.947
2021-10-28 18:00,-1.4976,-0.8269,-2.1687,-1.0157,285.4947,101477.6989
2021-10-29 12:00,-0.9984,-0.4165,-1.2136,-0.3757,288.9114,101177.8862
2021-10-29 13:00,-1.522,-0.2189,-1.8764,-0.0848,289.5265,101133.3415
2021-10-29 14:00,-2.2573,-0.302,-2.9646,-0.197,289.5035,101085.879
2021-10-29 15:00,-1.9248,-0.4343,-3.2002,-0.4494,289.4817,101085.7507
2021-10-29 16:00,-1.5455,-0.4383,-3.5186,-0.4907,287.1703,101097.4842
2021-10-29 17:00,-1.9906,-0.1886,-3.9839,-0.1456,284.381,101130.6144
2021-10-29 18:00,-2.2372,0.2063,-3.6304,0.1726,285.3368,101177.3124
2021-10-30 12:00,-0.7666,0.4886,-0.8964,0.7316,289.335,101102.821
2021-10-30 13:00,-0.6897,-0.4308,-0.8727,-0.2805,289.7318,101101.7741
2021-10-30 14:00,-1.6735,-0.6555,-2.1558,-0.5622,289.6135,101042.8728
2021-10-30 15:00,-1.1604,-1.6472,-2.0291,-2.2102,289.4368,101078.7544
2021-10-30 16:00,-0.8802,-1.8442,-2.4222,-3.4867,287.1271,101153.0106
2021-10-30 17:00,-1.8234,-1.2477,-2.85,-1.9046,286.4821,101217.775
2021-10-30 18:00,-1.5604,1.0549,-2.7256,0.353,284.2335,101245.0576
2022-10-20 12:00,-1.0567,-0.5967,-1.3061,-0.5671,297.2394,101493.1452
2022-10-20 13:00,-2.214,0.1195,-2.7889,0.2834,297.8122,101440.3804
2022-10-20 14:00,-2.2646,0.6949,-2.8746,1.0669,297.4646,101422.1771
2022-10-20 15:00,-2.6296,0.3213,-4.1618,1.0319,296.2231,101388.162
2022-10-20 16:00,-2.1114,-0.2493,-4.7244,0.6132,294.3092,101379.2283
2022-10-20 17:00,-2.0781,-0.7349,-3.6912,0.4999,291.906,101418.7266
2022-10-20 18:00,-1.9368,0.8435,-4.51,2.1625,290.025,101415.7035
2022-10-21 12:00,-1.3984,0.151,-3.1436,0.5148,296.0314,101290.0406
2022-10-21 13:00,-1.5517,1.5878,-2.563,2.8045,295.8887,101330.5356
2022-10-21 14:00,-0.898,1.8203,-1.4657,4.0516,294.9557,101245.02
2022-10-21 15:00,-0.5299,1.6987,-0.4744,4.463,295.493,101179.6335
2022-10-21 16:00,-0.4412,2.352,0.6606,4.4423,295.4813,101136.679
2022-10-21 17:00,-0.0326,2.2834,1.0612,5.0696,292.8036,101173.3789
2022-10-21 18:00,-0.151,2.1046,0.828,5.5332,292.5482,101195.3982
2022-10-22 12:00,2.3995,5.1974,4.032,7.5733,298.8868,101019.7505
2022-10-22 13:00,3.0203,3.6041,4.8452,5.4758,299.2418,101035.8629
2022-10-22 14:00,3.2518,0.7046,5.4861,1.635,298.9667,101101.0146
2022-10-22 15:00,1.9974,0.8435,4.0481,2.2788,298.3924,101100.4624
2022-10-22 16:00,1.3273,1.225,2.8567,2.577,297.5783,101153.3037
2022-10-22 17:00,0.3335,1.3275,1.689,1.9769,296.5186,101212.8829
2022-10-22 18:00,-0.771,1.0037,0.7629,1.9436,295.1933,101292.7337
2022-10-23 12:00,0.1774,1.2366,0.318,1.6261,298.3029,101499.1702
2022-10-23 13:00,1.7399,1.4612,2.304,2.0119,298.7892,101472.3699
2022-10-23 14:00,1.1837,0.6228,1.911,1.2667,298.8857,101415.5679
2022-10-23 15:00,0.4724,0.6158,0.6356,1.6032,298.6622,101388.1839
2022-10-23 16:00,-0.935,0.3768,-0.4337,1.4946,298.4881,101374.4755
2022-10-23 17:00,-1.9385,1.058,-2.0582,1.9936,295.8317,101382.7295
2022-10-23 18:00,-0.6365,1.5733,-1.432,2.4351,295.3246,101413.4604
2022-10-24 12:00,2.5005,3.2146,3.5429,4.5936,298.6502,101197.7085
2022-10-24 13:00,3.4707,2.7141,4.9116,3.9102,299.1717,101155.4205
2022-10-24 14:00,2.1659,2.842,3.336,4.1574,299.0569,101089.9996
2022-10-24 15:00,1.6386,2.0213,3.3525,3.87,298.3171,101079.7599
2022-10-24 16:00,1.2785,2.2183,3.3355,4.3568,297.2034,101029.585
2022-10-24 17:00,1.4824,2.2357,3.7765,4.7763,295.8863,101056.2705
2022-10-24 18:00,2.1333,2.6287,4.8288,5.3728,295.1969,101060.5495
2022-10-25 12:00,0.4762,-0.4491,0.6513,-0.3933,296.5896,101318.2949
2022-10-25 13:00,0.7743,-0.2466,0.9827,-0.1634,296.2177,101270.8788
2022-10-25 14:00,1.1805,-0.151,1.5438,0.0139,296.1215,101260.2368
2022-10-25 15:00,0.7654,-0.3917,0.9509,-0.1721,295.8085,101248.4303
2022-10-25 16:00,-0.6221,-0.4699,-0.5032,-0.4718,294.5258,101239.5781
2022-10-25 17:00,-1.8539,-0.1297,-2.1703,-0.3696,292.6062,101270.3945
2022-10-25 18:00,-2.0002,0.567,-3.1656,-0.0124,291.9721,101314.8857
2022-10-26 12:00,-0.7775,0.6675,-0.8202,0.9937,296.7302,101521.888
2022-10-26 13:00,-0.6532,-0.3225,-0.7425,-0.1602,297.4784,101507.8065
2022-10-26 14:00,-1.3599,-0.8295,-1.6837,-0.8762,297.94,101501.9356
2022-10-26 15:00,-2.0612,-0.9307,-3.1081,-1.2182,297.4319,101526.8949
2022-10-26 16:00,-2.0751,-0.6202,-4.5773,-0.8285,294.6314,101552.7124
2022-10-26 17:00,-1.7803,0.2525,-4.4128,0.8316,292.2066,101612.261
2022-10-26 18:00,-1.9598,1.1753,-3.1157,1.9242,291.3747,101663.0676
2022-10-27 12:00,-0.1556,-1.6535,-0.1502,-1.9938,295.2924,102070.2855
2022-10-27 13:00,-0.0312,-1.1945,-0.051,-1.4332,296.1376,102031.625
2022-10-27 14:00,-0.0768,-0.922,-0.0169,-1.0951,296.1665,102019.0777
2022-10-27 15:00,-0.471,-1.2001,-0.552,-1.5389,295.7731,102000.6719
2022-10-27 16:00,-1.1494,-1.173,-1.2636,-1.6633,293.2151,102014.516
2022-10-27 17:00,-1.2764,-0.1907,-1.3348,-0.779,291.1173,102048.0512
2022-10-27 18:00,-0.4684,1.1505,-0.7886,0.5815,290.4364,102079.6078
2022-10-28 12:00,-0.4443,-0.833,-0.5299,-0.9473,295.6975,102064.8904
2022-10-28 13:00,-0.6006,-0.896,-0.7322,-1.02,296.2595,102025.8228
2022-10-28 14:00,-0.6785,-0.6794,-0.8115,-0.7635,296.2671,101996.5067
2022-10-28 15:00,-0.7275,-0.1754,-1.1425,-0.0898,296.0552,101998.9514
2022-10-28 16:00,-1.5627,-0.1353,-1.5649,0.1757,293.2043,101985.446
2022-10-28 17:00,-1.6258,-0.223,-1.6258,-0.1732,290.4561,102013.5636
2022-10-28 18:00,-0.9128,0.9258,-1.3528,0.3647,289.0834,102050.4317
2022-10-29 12:00,0.382,-1.0863,0.5646,-1.2885,296.0981,101886.277
2022-10-29 13:00,-0.2293,-0.5989,-0.2548,-0.692,296.8942,101810.7453
2022-10-29 14:00,-0.3944,-0.2269,-0.4471,-0.2391,297.3873,101777.7368
2022-10-29 15:00,-0.5652,0.1855,-0.4075,0.4012,297.0558,101741.9492
2022-10-29 16:00,-1.0781,0.2363,-0.7072,0.5307,296.5638,101729.3901
2022-10-29 17:00,-1.1876,0.2214,-0.9192,-0.0851,293.4916,101766.7326
2022-10-29 18:00,-0.1673,0.5812,-0.3904,0.0244,292.0551,101793.1296
2022-10-30 12:00,0.4798,-0.5553,0.6558,-0.5952,296.6559,101584.5562
2022-10-30 13:00,0.378,-0.6942,0.5006,-0.7717,297.4999,101523.2212
2022-10-30 14:00,0.1313,-0.9581,0.1941,-1.1488,297.8121,101486.982
2022-10-30 15:00,-0.5013,-1.2671,-0.5151,-1.4895,297.2453,101480.5198
2022-10-30 16:00,-1.498,-1.1781,-1.1925,-1.1813,296.3615,101453.7401
2022-10-30 17:00,-1.6447,0.2063,-1.4593,-0.6057,293.4835,101496.6807
2022-10-30 18:00,-0.667,1.1031,-1.4593,0.0542,291.6463,101529.458
2023-10-20 12:00,-0.6035,4.0716,-0.7151,6.1611,301.3371,98494.4813
2023-10-20 13:00,0.2765,3.405,0.8184,5.7988,301.8323,98452.7983
2023-10-20 14:00,0.8029,4.1156,1.4552,6.6573,301.6721,98451.4527
2023-10-20 15:00,1.9586,4.0842,3.2626,6.9977,299.675,98474.8379
2023-10-20 16:00,2.1248,3.3315,3.9896,6.0132,298.0864,98566.7025
2023-10-20 17:00,1.0306,2.4794,2.9258,5.0101,296.4466,98649.4806
2023-10-20 18:00,0.4909,2.4491,2.317,4.9856,295.4488,98775.2598
2023-10-21 12:00,1.4302,2.1795,2.0879,2.9101,298.4824,99583.7588
2023-10-21 13:00,1.4678,2.067,2.0827,2.7211,297.978,99508.2477
2023-10-21 14:00,2.3509,2.0092,3.2236,2.8648,297.6205,99504.9746
2023-10-21 15:00,2.0114,0.9924,3.7624,1.8965,297.1972,99536.7924
2023-10-21 16:00,1.3027,1.3229,3.13,2.6573,295.3925,99589.2
2023-10-21 17:00,0.9576,1.8433,2.7885,3.6705,294.033,99640.6523
2023-10-21 18:00,1.0821,2.2923,3.1173,4.4905,293.1525,99744.7937
2023-10-22 12:00,3.0674,2.2811,4.2034,3.0142,297.5108,100562.2817
2023-10-22 13:00,3.4674,1.982,4.7503,2.6795,297.5577,100564.853
2023-10-22 14:00,3.4052,1.8229,4.781,2.5041,297.5442,100606.2515
2023-10-22 15:00,2.2857,1.3818,3.7895,2.1534,296.7864,100634.5024
2023-10-22 16:00,1.3568,1.5838,3.4948,3.1424,295.3403,100680.81
2023-10-22 17:00,1.1246,1.7476,3.328,3.7281,292.9983,100730.2311
2023-10-22 18:00,1.0484,1.7184,3.2502,3.8165,291.4696,100782.7453
2023-10-23 12:00,-1.1307,0.162,-1.2763,0.4361,296.4097,101052.6778
2023-10-23 13:00,-1.3646,0.2223,-1.5845,0.5765,296.7112,101017.6357
2023-10-23 14:00,-2.1954,0.088,-2.7381,0.4611,296.025,100980.976
2023-10-23 15:00,-2.5762,-0.1955,-4.3284,0.188,295.3645,100949.2954
2023-10-23 16:00,-2.7608,0.0708,-5.2135,0.688,294.346,100922.1297
2023-10-23 17:00,-2.6129,0.5717,-5.3089,2.0203,292.8143,100937.2309
2023-10-23 18:00,-2.1963,0.6812,-4.5145,2.5498,292.0621,100959.934
2023-10-24 12:00,0.1601,3.3221,0.812,5.9912,296.5742,99958.3646
2023-10-24 13:00,-0.4848,2.2076,-0.0436,3.8324,295.6435,99854.4563
2023-10-24 14:00,0.1918,1.3486,1.2621,3.2839,294.6368,99812.2405
2023-10-24 15:00,-0.4137,1.3812,1.1704,2.2308,294.401,99764.5187
2023-10-24 16:00,0.5168,1.7446,2.6274,3.5019,293.6699,99743.6837
2023-10-24 17:00,2.087,2.621,4.861,4.6508,292.7783,99756.7606
2023-10-24 18:00,3.0058,3.1598,6.1949,5.271,292.2472,99755.2443
2023-10-25 12:00,3.8995,3.0983,5.5607,4.5944,295.6271,99903.1374
2023-10-25 13:00,3.1083,2.4078,4.6788,3.5426,294.4127,99879.9323
2023-10-25 14:00,1.0758,2.5981,2.6563,4.3454,293.529,99851.6241
2023-10-25 15:00,1.4609,3.1885,3.0878,5.4268,293.4567,99779.4273
2023-10-25 16:00,1.6537,2.6489,3.6669,5.0282,293.3564,99765.0235
2023-10-25 17:00,1.336,2.2028,3.5124,4.7435,291.9709,99756.6615
2023-10-25 18:00,1.2665,2.3408,3.4446,4.959,291.4796,99753.9061
2023-10-26 12:00,5.237,2.5138,7.2955,3.7938,295.8921,99569.8677
2023-10-26 13:00,4.1132,2.3612,6.2597,3.7624,295.7439,99543.2133
2023-10-26 14:00,2.5666,2.3752,4.5516,4.1545,295.4184,99502.4695
2023-10-26 15:00,1.7573,2.5945,3.6492,4.5706,295.5253,99469.3133
2023-10-26 16:00,0.8358,2.0938,2.6877,4.4737,295.0722,99436.773
2023-10-26 17:00,-0.0136,1.9631,1.32,4.8643,294.7148,99461.8279
2023-10-26 18:00,-0.7706,1.5385,-0.1117,4.3356,294.2233,99402.7417
2023-10-27 12:00,7.6753,5.2768,11.299,7.5956,296.3702,98971.5633
2023-10-27 13:00,7.2225,5.3062,10.6227,7.5928,296.2412,99026.6786
2023-10-27 14:00,6.7401,5.7608,10.1683,8.4549,295.9913,99091.8542
2023-10-27 15:00,5.8913,4.9049,9.3042,7.5076,295.6042,99141.7516
2023-10-27 16:00,6.0105,4.6405,9.929,7.3375,294.5946,99189.8132
2023-10-27 17:00,6.0521,4.8705,10.0607,7.8294,293.6959,99296.8516
2023-10-27 18:00,5.9444,5.0898,9.9422,8.2001,293.1859,99343.2585
2023-10-28 12:00,4.9968,3.0043,7.0317,4.1722,297.413,100091.2029
2023-10-28 13:00,5.295,3.2967,7.5517,4.6309,297.4701,100051.0991
2023-10-28 14:00,5.2227,3.2065,7.7186,4.63,297.0375,100140.9651
2023-10-28 15:00,3.8634,2.6563,6.2851,4.0644,296.2501,100186.0133
2023-10-28 16:00,2.3662,2.4044,5.0347,4.3631,294.8608,100170.5085
2023-10-28 17:00,1.2404,1.9446,3.6557,4.4265,292.5797,100264.6774
2023-10-28 18:00,1.4647,1.9614,3.4882,3.5501,291.1418,100307.01
2023-10-29 12:00,2.7767,4.3739,3.9522,6.1744,297.2377,100649.3719
2023-10-29 13:00,2.6406,4.0341,3.7518,5.7112,297.2636,100593.7391
2023-10-29 14:00,2.0867,3.5386,3.1524,5.223,297.027,100603.8831
2023-10-29 15:00,1.3791,2.765,2.6712,4.8949,296.4801,100586.8243
2023-10-29 16:00,0.6242,1.8214,1.9261,4.4349,294.2991,100601.7937
2023-10-29 17:00,0.473,2.2947,1.5697,4.1515,292.1513,100654.2152
2023-10-29 18:00,0.2959,2.3003,1.5536,4.3064,291.2863,100700.7595
2023-10-30 12:00,-0.8974,3.8572,-1.1157,5.2848,297.5752,100213.2459
2023-10-30 13:00,-1.3796,4.3482,-1.7306,6.1401,298.1976,100124.7291
2023-10-30 14:00,-1.6668,3.5312,-2.1771,5.6815,298.0714,100023.1755
2023-10-30 15:00,-1.9416,3.2205,-2.8739,6.043,297.7725,99923.5447
2023-10-30 16:00,-2.0904,2.4571,-3.17,5.8065,297.0762,99857.8595
2023-10-30 17:00,-2.7579,2.1549,-4.7381,5.5551,296.6174,99791.7794
2023-10-30 18:00,-2.9047,2.4762,-4.7328,6.0112,296.7797,99728.5025
2024-10-20 12:00,-4.0072,-1.3906,-6.0429,-1.6371,293.4695,101716.3607
2024-10-20 13:00,-3.6611,-1.1309,-5.5772,-1.4647,293.499,101719.0711
2024-10-20 14:00,-3.4985,-0.4915,-5.2472,-0.5132,293.3738,101755.6078
2024-10-20 15:00,-3.171,-0.4961,-5.1203,-0.5303,293.0809,101771.6074
2024-10-20 16:00,-2.6236,-0.3446,-5.1978,-0.172,292.6223,101850.8163
2024-10-20 17:00,-2.1693,-0.0669,-4.9622,0.5087,291.6621,101898.1313
2024-10-20 18:00,-1.5514,-0.0995,-4.2574,0.6279,290.8078,101956.1779
2024-10-21 12:00,-3.7897,0.3482,-5.2013,0.6191,295.0771,102257.283
2024-10-21 13:00,-3.6439,0.011,-4.9818,0.1021,295.008,102240.8228
2024-10-21 14:00,-3.5925,-0.0791,-4.9836,-0.0104,294.6974,102219.315
2024-10-21 15:00,-3.0104,-0.6013,-4.5061,-0.6537,294.1833,102194.3283
2024-10-21 16:00,-2.5085,-0.6211,-4.5109,-0.5681,293.5477,102186.3623
2024-10-21 17:00,-2.0275,-0.1939,-4.5577,0.1857,292.2139,102200.6624
2024-10-21 18:00,-1.5905,0.219,-3.9338,1.1283,291.7089,102214.8355
2024-10-22 12:00,-1.8454,-0.9359,-2.5023,-1.1019,294.2162,102191.5673
2024-10-22 13:00,-1.9249,-1.3665,-2.6354,-1.7165,294.1126,102165.6198
2024-10-22 14:00,-1.9822,-1.2958,-2.6639,-1.6441,294.1854,102138.951
2024-10-22 15:00,-1.806,-0.9692,-2.666,-1.3034,293.9196,102132.957
2024-10-22 16:00,-1.1769,-0.281,-2.6314,-0.3384,292.9291,102151.5885
2024-10-22 17:00,-1.1577,-0.0754,-2.7277,0.2376,292.0541,102152.9992
2024-10-22 18:00,-1.2657,0.2862,-3.0205,1.1092,291.461,102179.5068
2024-10-23 12:00,-1.8461,-0.8815,-2.8358,-0.9323,291.3236,102221.5135
2024-10-23 13:00,-1.5683,-1.3298,-2.9252,-1.7985,290.9357,102180.4959
2024-10-23 14:00,-1.5679,-1.1173,-2.9733,-1.5748,290.9944,102149.6452
2024-10-23 15:00,-1.8977,-0.7644,-3.4041,-0.9372,291.0434,102131.5807
2024-10-23 16:00,-1.9104,-0.7717,-3.6764,-0.8791,290.7584,102104.2589
2024-10-23 17:00,-1.5878,-0.963,-3.4308,-1.2181,290.6245,102136.2986
2024-10-23 18:00,-1.5044,-1.0411,-3.3841,-1.3306,290.4728,102138.992
2024-10-24 12:00,1.093,-1.3772,1.5096,-1.76,291.4904,102129.3527
2024-10-24 13:00,1.0539,-1.8204,1.3822,-2.378,291.8631,102094.2318
2024-10-24 14:00,-0.0504,-1.773,-0.0751,-2.3244,291.5491,102063.8341
2024-10-24 15:00,-0.3958,-1.0022,-0.4581,-1.3303,291.5029,102030.3379
2024-10-24 16:00,-0.8025,-0.5338,-0.9977,-0.6027,290.7242,102042.4589
2024-10-24 17:00,-0.8001,-1.012,-1.159,-0.8412,290.2755,102041.5125
2024-10-24 18:00,-1.0566,-1.1846,-1.6857,-1.104,290.0037,102057.4073
2024-10-25 12:00,-1.0002,0.5111,-1.2442,0.815,291.5734,101740.9301
2024-10-25 13:00,-1.3115,-0.189,-1.7433,-0.0241,292.3367,101676.2336
2024-10-25 14:00,-1.732,-0.3485,-2.4268,-0.2176,292.7766,101641.2124
2024-10-25 15:00,-2.1156,-0.0299,-3.4625,0.4518,292.7531,101633.9324
2024-10-25 16:00,-1.9691,0.0427,-4.1209,1.074,292.2795,101615.9641
2024-10-25 17:00,-1.5919,0.1912,-3.7063,1.4401,291.7368,101607.2468
2024-10-25 18:00,-1.9494,0.0878,-2.9902,1.1896,291.3974,101612.7831
2024-10-26 12:00,-2.0125,-0.1199,-2.6648,0.0142,296.3891,101491.2064
2024-10-26 13:00,-1.9263,0.5521,-2.6073,0.6964,296.4384,101438.1384
2024-10-26 14:00,-1.4095,1.5897,-2.031,2.287,296.3551,101461.9674
2024-10-26 15:00,-1.3212,0.6319,-2.7489,1.939,295.6216,101431.949
2024-10-26 16:00,-1.7211,0.4656,-2.4537,1.3478,294.4352,101411.7744
2024-10-26 17:00,-1.8754,0.8243,-2.972,1.6668,293.3938,101435.9599
2024-10-26 18:00,-1.8238,1.0765,-3.0533,1.6754,291.6135,101466.4552
2024-10-27 12:00,-1.2485,-1.6984,-1.6035,-2.1327,294.2852,101700.898
2024-10-27 13:00,-1.4067,-1.4275,-1.8206,-1.8417,294.6825,101673.9134
2024-10-27 14:00,-1.6591,-1.1566,-2.1743,-1.523,294.6709,101685.8011
2024-10-27 15:00,-1.2926,-0.5591,-2.0988,-0.8884,293.9031,101714.8389
2024-10-27 16:00,-1.1262,-0.2664,-1.6242,-0.2474,292.8188,101752.1488
2024-10-27 17:00,-1.0959,0.1983,-1.2977,0.3828,291.7436,101815.7631
2024-10-27 18:00,-0.453,0.7696,-0.6772,0.8723,290.2046,101850.3881
2024-10-28 12:00,-1.5121,-0.7929,-1.8858,-0.9266,293.5874,101959.5633
2024-10-28 13:00,-1.59,-0.9213,-2.0243,-1.1412,293.7765,101903.6506
2024-10-28 14:00,-1.5458,-0.6267,-2.0149,-0.8108,293.7626,101886.7083
2024-10-28 15:00,-1.1702,-0.3063,-1.623,-0.3814,293.574,101876.9944
2024-10-28 16:00,-1.1031,-0.1451,-1.2422,0.0583,292.4919,101852.0009
2024-10-28 17:00,-0.9016,0.4304,-0.759,0.7374,290.9923,101897.1674
2024-10-28 18:00,-0.7971,0.9465,-0.6532,1.1453,289.9969,101911.5463
2024-10-29 12:00,1.5624,-1.9747,2.0505,-2.5188,293.3744,101900.9799
2024-10-29 13:00,1.4912,-1.9082,1.9776,-2.4579,294.0893,101859.9017
2024-10-29 14:00,1.083,-1.838,1.5196,-2.3623,294.2278,101825.6272
2024-10-29 15:00,0.4874,-1.7281,0.8666,-2.6884,293.9184,101805.8335
2024-10-29 16:00,0.437,-1.9641,0.6226,-2.6839,293.3339,101807.2861
2024-10-29 17:00,0.8545,-1.1317,0.7096,-1.9533,291.5892,101811.5558
2024-10-29 18:00,1.2162,-0.0891,1.0098,-1.3528,290.6883,101846.4046
2024-10-30 12:00,1.6138,-1.816,2.1251,-2.3124,294.4962,101794.8682
2024-10-30 13:00,1.3211,-1.842,1.7565,-2.3753,294.8565,101732.0544
2024-10-30 14:00,0.976,-1.6723,1.3548,-2.1659,294.9926,101719.1046
2024-10-30 15:00,0.3079,-1.1068,0.8092,-2.1864,294.421,101718.9608
2024-10-30 16:00,0.1736,-1.6999,0.4044,-2.2222,293.8405,101727.0375
2024-10-30 17:00,0.8252,-0.68,0.4963,-1.6083,292.2101,101774.0419
2024-10-30 18:00,0.9634,0.2313,0.8645,-1.0045,290.0032,101779.5706
2025-10-20 12:00,-0.507,1.0979,-0.4961,1.5609,292.3763,100595.396
2025-10-20 13:00,-0.5201,0.4131,-0.499,0.7401,292.6281,100538.5166
2025-10-20 14:00,-1.0626,-0.4292,-1.3212,-0.2294,292.6572,100496.5384
2025-10-20 15:00,-1.2568,-0.5484,-2.4688,-0.638,292.5101,100465.8557
2025-10-20 16:00,-1.7223,-0.7221,-2.612,-0.0525,292.2267,100449.3198
2025-10-20 17:00,-1.4372,-0.4864,-2.2269,0.5356,291.0505,100438.845
2025-10-20 18:00,-1.1432,0.6035,-1.5544,1.3234,289.6174,100433.7869
2025-10-21 12:00,1.1957,0.2713,1.5588,0.6097,290.6115,100017.994
2025-10-21 13:00,1.7326,-0.8377,2.3483,-0.9072,290.7199,99996.8491
2025-10-21 14:00,1.4566,-2.1148,2.0541,-2.8423,290.7115,100005.0026
2025-10-21 15:00,0.6389,-2.1239,1.1332,-3.1674,290.3324,100004.4602
2025-10-21 16:00,0.2008,-1.3848,0.6188,-2.8045,289.4388,100008.4421
2025-10-21 17:00,0.187,-1.659,0.6575,-3.1573,288.5048,100059.917
2025-10-21 18:00,-0.4162,-1.9831,-0.0356,-3.3484,287.5794,100111.2461
2025-10-22 12:00,-0.5351,0.7261,-0.7461,1.0923,292.7859,100029.7355
2025-10-22 13:00,0.0797,-0.2241,0.2317,0.004,293.2254,99976.4406
2025-10-22 14:00,0.2639,-1.4309,0.4227,-1.8909,292.3156,99991.3191
2025-10-22 15:00,0.0366,-2.397,-0.1356,-4.0075,291.1864,100041.5683
2025-10-22 16:00,0.2888,-1.7052,-0.1388,-3.3547,290.101,100065.6606
2025-10-22 17:00,1.0953,-0.6513,-0.0157,-1.2742,289.2808,100098.6739
2025-10-22 18:00,0.9728,-0.1699,0.5169,-0.4068,289.0435,100115.671
2025-10-23 12:00,-0.2064,3.9623,0.507,7.297,293.7406,99104.9639
2025-10-23 13:00,-0.6611,3.4143,0.0352,6.8816,294.2184,98939.2621
2025-10-23 14:00,-0.3591,2.9395,0.8522,6.4273,294.1689,98757.1938
2025-10-23 15:00,1.8429,3.1228,3.9764,6.3404,294.3072,98603.6937
2025-10-23 16:00,4.3148,2.1441,7.7253,4.4523,293.8844,98575.026
2025-10-23 17:00,3.1475,-0.4789,6.4283,-0.7443,292.3398,98587.7504
2025-10-23 18:00,3.6006,-0.2752,6.8475,-0.658,291.0206,98694.0025
2025-10-24 12:00,4.3072,0.2193,5.9492,0.2907,294.8435,100041.6688
2025-10-24 13:00,4.2932,0.2449,6.2522,0.293,293.957,100060.4307
2025-10-24 14:00,3.7504,0.3338,5.8356,0.4159,294.4786,100079.3534
2025-10-24 15:00,1.8946,0.4739,4.3573,0.6171,294.2645,100087.8219
2025-10-24 16:00,1.839,1.8268,3.7886,1.8644,292.4166,100144.324
2025-10-24 17:00,1.3675,1.8537,4.0233,3.2196,290.4169,100222.3122
2025-10-24 18:00,1.6266,2.3523,4.7092,4.3909,286.6523,100273.049
2025-10-25 12:00,4.3341,3.5684,6.4263,5.2898,294.1195,100144.702
2025-10-25 13:00,4.3045,3.1096,6.465,4.6786,293.9728,100106.0921
2025-10-25 14:00,4.087,2.9358,6.2951,4.456,293.5187,100079.6269
2025-10-25 15:00,3.3846,3.0137,5.9831,4.964,292.7611,100047.5053
2025-10-25 16:00,2.8924,3.3337,5.5265,5.8638,291.9972,99988.5788
2025-10-25 17:00,2.6365,2.7752,5.3392,5.2992,290.8945,99976.123
2025-10-25 18:00,2.0861,2.1894,4.7359,4.6307,290.567,99982.235
2025-10-26 12:00,3.3953,0.4621,4.645,0.6897,291.9664,99805.3935
2025-10-26 13:00,3.6028,1.4209,5.0927,1.9236,291.8132,99730.6141
2025-10-26 14:00,3.9073,1.5823,5.8118,2.4192,292.0578,99711.0395
2025-10-26 15:00,2.5075,0.4583,4.8122,0.9041,291.5083,99700.9716
2025-10-26 16:00,2.323,-0.7213,3.6072,-0.6603,289.3408,99719.4531
2025-10-26 17:00,1.9644,-1.2389,2.8812,-1.8285,287.2345,99799.0132
2025-10-26 18:00,1.5243,0.2272,3.4283,-0.8323,287.6738,99863.7349
2025-10-27 12:00,2.6413,1.6342,3.6874,2.2155,291.5314,100116.6201
2025-10-27 13:00,2.8208,1.5595,4.0498,2.225,291.1953,100039.0779
2025-10-27 14:00,3.284,2.3999,4.9019,3.5193,291.8698,100017.9419
2025-10-27 15:00,3.2149,2.566,5.6873,4.3727,291.2537,99955.4055
2025-10-27 16:00,3.5796,2.2367,6.7554,4.0483,290.5251,99997.967
2025-10-27 17:00,3.3422,3.0084,6.5592,5.2583,288.9211,100009.8444
2025-10-27 18:00,3.0103,2.805,6.1417,5.1616,287.5226,100003.5019
2025-10-28 12:00,0.266,1.2863,0.464,1.6952,292.8484,100898.1827
2025-10-28 13:00,0.0927,0.4989,0.2274,0.7366,292.9012,100875.5937
2025-10-28 14:00,-0.3134,0.2899,-0.1654,0.5277,292.7014,100879.5077
2025-10-28 15:00,-1.1262,-0.0377,-1.2009,0.4591,291.5794,100869.8463
2025-10-28 16:00,-1.9517,0.707,-2.3472,1.2679,288.8604,100867.2681
2025-10-28 17:00,-1.3995,1.9269,-2.2298,2.6493,287.7136,100889.413
2025-10-28 18:00,0.0414,2.1997,-0.856,3.3748,288.2742,100932.4213
2025-10-29 12:00,0.3491,0.246,0.4772,0.4173,294.4495,101090.1897
2025-10-29 13:00,0.8583,-0.1586,1.1943,0.084,294.6041,101027.5013
2025-10-29 14:00,0.9632,-0.5551,1.4581,-0.3672,294.062,100997.9074
2025-10-29 15:00,-0.4024,-1.2511,-0.4546,-1.2303,292.1787,100970.3881
2025-10-29 16:00,-1.5211,-0.8007,-2.1493,-0.5627,291.0828,100915.2886
2025-10-29 17:00,-2.1519,0.3751,-2.8895,0.8914,290.5306,100890.249
2025-10-29 18:00,-1.1724,1.9549,-2.062,2.9515,288.9537,100889.0095
2025-10-30 12:00,-1.0912,-0.6014,-2.2112,-0.1283,288.6472,100632.5306
2025-10-30 13:00,-1.2257,-0.0941,-2.8231,0.8782,288.1778,100612.4783
2025-10-30 14:00,-1.1943,0.0039,-2.9278,1.23,287.8371,100622.7875
2025-10-30 15:00,-1.1543,-0.4115,-2.1097,0.7151,287.5508,100628.7233
2025-10-30 16:00,-0.7798,-0.3558,-1.5738,0.6964,287.2676,100682.3311
2025-10-30 17:00,-0.3169,-0.2048,-1.2267,0.672,287.0965,100728.7743
2025-10-30 18:00,0.1797,-0.2347,-0.3951,0.1908,287.038,100797.3282
