t,ax,ay,az
0,-2.381389889506354e-16,1.0249596756997332,-9.751839905489048
0.009523809523809525,-1.3192144353710547e-16,1.024959675460795,-0.7575506667686938
0.01904761904761905,-7.171631803498489e-17,1.0249596738587738,6.331705874980307
0.028571428571428574,4.34058791597118e-17,1.024959672083389,6.501452076653901
0.0380952380952381,-6.352984519206882e-17,1.0249596702893977,6.670646935898542
0.04761904761904762,-5.946030162050024e-17,1.024959668476864,6.83913652134451
0.05714285714285715,-5.540079631634584e-17,1.0249596666458456,7.007210496662391
0.06666666666666668,5.967019406548543e-17,1.024959664796403,7.174836604384071
0.0761904761904762,6.370291350269496e-17,1.024959662928595,7.341801575815197
0.08571428571428572,6.772166510758104e-17,1.0249596610424785,7.508188243009775
0.09523809523809525,-3.929270831538172e-17,1.0249596591381143,7.674126828122359
0.10476190476190478,-3.529558084321348e-17,1.024959657215561,7.839618200522107
0.1142857142857143,7.970538740803749e-17,1.0249596552748779,8.00434521167475
0.12380952380952381,-2.7349750291736773e-17,1.0249596533161278,8.168596050726574
0.13333333333333336,-2.339354414854626e-17,1.0249596513393657,8.332393174701387
0.14285714285714288,9.157223357743332e-17,1.0249596493446547,8.495663207463174
0.1523809523809524,-1.552308957149639e-17,1.02495964733205,8.658250265410121
0.1619047619047619,-1.1607142320803148e-17,1.0249596453016139,8.820380567536558
0.17142857142857143,-7.702228902192814e-18,1.0249596432534056,8.98205404059346
0.18095238095238098,1.0720980793326914e-16,1.0249596411874753,9.143099062061898
0.1904761904761905,6.315700700213506e-20,1.0249596391038904,9.303561017816556
0.2,3.927978855018356e-18,1.0249596370027105,9.463574596582912
0.20952380952380956,7.78200921888234e-18,1.0249596348839916,9.623141380108294
0.21904761904761907,1.1617933880513395e-17,1.0249596327477932,9.781958540925205
0.2285714285714286,1.544249039938411e-17,1.024959630594172,9.940305031349498
0.2380952380952381,-9.176592813904829e-17,1.0249596284231894,10.098209648858758
0.24761904761904763,1.3408021918632854e-16,1.0249596262349052,10.255603295495849
0.2571428571428572,1.3786430845711892e-16,1.024959624029375,10.41227433761416
0.2666666666666667,1.416378527556612e-16,1.0249596218066572,10.568508790719298
0.2761904761904762,2.564230216810425e-16,1.024959619566815,10.724301153923115
0.28571428571428575,3.8126498950648625e-17,1.0249596173099038,10.879481410341194
0.29523809523809524,4.18604091112081e-17,1.0249596150359777,11.034074908044271
0.3047619047619048,4.558356849727514e-17,1.0249596127450977,11.188223295991206
0.31428571428571433,4.9295876087948185e-17,1.0249596104373249,11.341922391656484
0.3238095238095238,5.299093531714494e-17,1.0249596081127161,11.494907360728902
0.33333333333333337,5.667329795857963e-17,1.0249596057713273,11.647366658364076
0.34285714285714286,-5.067777364124914e-17,1.0249596034132227,11.799365071685623
0.3523809523809524,6.400366598241994e-17,1.0249596010384654,11.95086277461263
0.36190476190476195,6.764559261866172e-17,1.024959598647111,12.101647917478036
0.37142857142857144,1.822991107444669e-16,1.0249595962392122,12.25198959847362
0.380952380952381,7.489721883398711e-17,1.0249595938148355,12.401883920031244
0.39047619047619053,7.850305940077774e-17,1.02495959137404,12.551175006670615
0.4,8.209396136911893e-17,1.0249595889168799,12.699847596855662
0.40952380952380957,-2.534811966475374e-17,1.0249595864434133,12.848077985186016
0.4190476190476191,8.924357189246419e-17,1.0249595839537047,12.995859886989074
0.4285714285714286,1.3442755571346408,1.516391106542455,13.084675753993157
0.43809523809523815,1.3672581607828396,1.5025286927008215,13.229749709163523
0.44761904761904764,1.3874462001535348,1.4889205635260638,13.373958130038053
0.4571428571428572,1.4047240408730497,1.4756081454059922,13.517230537853717
0.46666666666666673,1.418980869184093,1.4626307861666223,13.659338905128562
0.4761904761904762,1.43009671979065,1.4500352086502801,13.800526854882083
0.48571428571428577,1.4379558660508829,1.4378646609822894,13.940775649767941
0.49523809523809526,1.4424370475125605,1.4261667554631703,14.079875754968736
0.5047619047619049,1.4434159143460372,1.4149916905491826,14.217780501355305
0.5142857142857143,1.4407701827531094,1.4043878928837408,14.354702068744722
0.5238095238095238,1.4343686431861238,1.394411795504068,14.49065748299443
0.5333333333333334,1.4240834304399215,1.38511704015829,14.625365912854324
0.5428571428571429,1.4097889595638566,1.3765557146733505,14.759034560680291
0.5523809523809524,1.39134124462051,1.3687964269772852,14.891729674305703
0.5619047619047619,1.3686142256809577,1.3618930823778435,15.023414927509696
0.5714285714285715,1.341471053044123,1.355909626575334,15.153886165171595
0.580952380952381,1.3097768109830832,1.3509096799028875,15.283424012589933
0.5904761904761905,1.2733940855927435,1.3469603594528117,15.41205555390222
0.6,1.2321820375950518,1.344133639171214,15.5396874267659
0.6095238095238096,1.18601715492174,1.3424875033743369,15.666301473554977
0.6190476190476191,1.1347572650032203,1.3420995515975367,15.792146945369163
0.6285714285714287,1.0782678619229584,1.3430429391935153,15.917270946381025
0.6380952380952382,1.0164198531046615,1.3453891765506125,16.04150609370722
0.6476190476190476,0.9490812803100348,1.349215612642285,16.165118715664637
0.6571428571428573,0.876130453571298,1.3545945462835045,16.288212239892797
0.6666666666666667,0.797448975473057,1.3615997344241393,16.410876246243056
0.6761904761904762,0.7129192962481303,1.3703091926374522,16.532871418599925
0.6857142857142857,0.622441054641927,1.3807906806746892,16.65465333040983
0.6952380952380953,0.5258854344121501,1.393144787864013,16.776314281347794
0.7047619047619048,0.4231791011607172,1.4074276538999346,16.897853182063738
0.7142857142857143,0.31425207200725025,1.4236994677397727,17.01932133594647
0.7238095238095239,0.19900596434603823,1.4420558477398044,17.14104797181662
0.7333333333333334,0.07737419935674272,1.4625719012374332,17.26318851117325
0.7428571428571429,-0.05067913633642718,1.4853034186995535,17.385687238041918
0.7523809523809525,-0.1851834014066236,1.510310549005467,17.50880910724506
0.761904761904762,-0.326181497304491,1.5376787201009288,17.632820661287727
0.7714285714285715,-0.4736767822282426,1.5674677496214442,17.757953193468136
0.7809523809523811,-0.6276354403202187,1.599714636736496,17.884035270616973
0.7904761904761906,-0.7880296689834665,1.6344766374253568,18.011547182047806
0.8,-0.9548179208621377,1.6718133271467983,18.140674614762084
0.8095238095238096,-1.1279119857189839,1.711753175810717,18.27149601142131
0.8190476190476191,-1.3072198411172962,1.7543391493156735,18.404132217521084
0.8285714285714286,-1.4926136470716642,1.7995953768151196,18.538936851193405
0.8380952380952382,-1.68394561210317,1.8475450742341493,18.67609870455809
0.8476190476190477,-1.8810397477128697,1.8982011999915271,18.815629605563956
0.8571428571428572,-2.083687652690791,1.9515640800818663,18.95775994590212
0.8666666666666667,-2.2916560248265796,2.007628556478584,19.10276682173706
0.8761904761904763,-2.504688399999923,2.0663865295821937,19.25081341487068
0.8857142857142858,-2.7224853585019395,2.1278055521580135,19.40173867840079
0.8952380952380953,-2.9447242469451345,2.1918503309991673,19.555999647226436
0.9047619047619049,-3.171050741629282,2.2584732987849745,19.71366052078157
0.9142857142857144,-3.4010831042578316,2.3276188021262194,19.874710112868193
0.9238095238095239,-3.6343991275128635,2.3992080025491527,20.039076952592104
0.9333333333333335,-3.870551597946625,2.47315554670828,20.20702614238703
0.942857142857143,-4.109069090357755,2.549369369976221,20.37855893302071
0.9523809523809524,-4.349446326482411,2.6277385969780527,20.553443973517922
0.961904761904762,-4.591141001811879,2.708128752611603,20.731686257312678
0.9714285714285715,-4.833588509869602,2.7903966607054698,20.913320108153385
0.980952380952381,-5.076212539886297,2.8744020949268845,21.098223657316282
0.9904761904761905,-5.318407519746464,2.9599851343944534,21.285945730249967
1.0,-5.559529567707305,3.0469519559079274,21.476529945849894
1.0095238095238097,-5.798918162384714,3.1350993734564625,21.669759281910796
1.0190476190476192,-6.035916033574944,3.2242377339138204,21.865260546408855
1.0285714285714287,-6.26983034413713,3.3141394690773747,22.062525948191354
1.0380952380952382,-6.4999525421861675,3.404560555405298,22.261421929469986
1.0476190476190477,-6.725584285855669,3.4952748730586554,22.46155881808077
1.0571428571428572,-6.945994944108635,3.5860108974294183,22.662322178469545
1.0666666666666669,-7.160454970182803,3.676495890268779,22.86321313666499
1.0761904761904764,-7.3682370430626305,3.766455139986001,23.0638899762282
1.0857142857142859,-7.568612164996794,3.855603936231387,23.26382203336502
1.0952380952380953,-7.760845309432715,3.943637289922547,23.462144207290898
1.1047619047619048,-7.94420465074664,4.030239955825977,23.65851261254176
1.1142857142857143,-8.117968691129434,4.115094922971951,23.852392744375294
1.1238095238095238,-8.281437928249424,4.197902440569089,24.043089016767546
1.1333333333333335,-8.433898338221521,4.278310895795411,24.229770112540326
1.142857142857143,-8.574664331390306,4.355992123510818,24.41206424085725
1.1523809523809525,-8.703063921481048,4.430616916033463,24.589362230576068
1.161904761904762,-8.818440354209914,4.501836449593377,24.760933361028428
1.1714285714285715,-8.92016152611107,4.569312882839535,24.92618695220841
1.180952380952381,-9.007616996336102,4.632702552145187,25.08473414963916
1.1904761904761907,-9.080224631891337,4.6916698270285675,25.23606307988097
1.2,-9.137432030643087,4.7458776225465,25.379459969160724
1.2095238095238097,-9.17871233758142,4.7949870628003755,25.514703933130278
1.2190476190476192,-9.203586490581777,4.838672656791352,25.641526085238095
1.2285714285714286,-9.211610826126378,4.876627012353735,25.759566164899848
1.2380952380952381,-9.202390718381823,4.908531889433114,25.86832747874389
1.2476190476190476,-9.175576324990086,4.934094661623016,25.967956934356266
1.2571428571428573,-9.130880548319638,4.95303597939601,26.058361343384217
1.2666666666666668,-9.068077727915725,4.96509296599598,26.139400528136505
1.2761904761904763,-8.987010802669152,4.9700254634330125,26.211138875607492
1.2857142857142858,-8.887600071904867,4.967615945480661,26.273896610550747
1.2952380952380953,-8.769846886145354,4.95767409877684,26.32792403672644
1.3047619047619048,-8.63384298327287,4.940040009455926,26.373327409103542
1.3142857142857145,-8.479792646056655,4.914592417115804,26.410688667536366
1.323809523809524,-8.307986731401856,4.881241889645393,26.440551243591827
1.3333333333333335,-8.118848525475439,4.839947642589621,26.463444538835436
1.342857142857143,-7.912911468236264,4.790709366409761,26.479701120018532
1.3523809523809525,-7.690849909733445,4.733584129293256,26.490303940990934
1.361904761904762,-7.453458310708701,4.668672229711829,26.495952000308257
1.3714285714285714,-7.201684123108395,4.596139167534364,26.497307884833297
1.3809523809523812,-6.936631966280311,4.516221280296908,26.49505752158294
1.3904761904761906,-6.659530482554905,4.429201386203025,26.490193207962164
1.4000000000000001,-6.371766431772798,4.335435628436744,26.483508595864343
1.4095238095238096,-6.074876489773328,4.235349640431292,26.475591612846586
1.4190476190476191,-5.770549478645506,4.129444955636517,26.467349907195562
1.4285714285714286,-5.4606094764684725,4.018289519550964,26.45958726071379
1.4380952380952383,-5.146998827545004,3.902507969923091,26.452993206369676
1.4476190476190478,-4.831816461686813,3.7828223984223612,26.4479504127404
1.4571428571428573,-4.517248959132128,3.660001699937358,26.445325616576408
1.4666666666666668,-4.205589832648598,3.5348864979129884,26.44566366869579
1.4761904761904763,-3.8992087332676473,3.4083728154776924,26.449349880240778
1.4857142857142858,-3.6005451985600088,3.2814172107410826,26.455316232475266
1.4952380952380955,-3.313341749099906,3.1539450157838083,-19.73389918841877
1.504761904761905,-3.0640088308433566,3.0367649634838116,-19.791683535782763
1.5142857142857145,-2.835322605601479,2.9252594726874435,-19.842927708627624
1.523809523809524,-2.6284986619643878,2.82012191692316,-19.88778742893776
1.5333333333333334,-2.4445639745258045,2.721982110769015,-19.92646010640471
1.542857142857143,-2.284355090620868,2.6314032870148534,-19.9591708817499
1.5523809523809524,-2.1485151290734,2.5488787930815695,-19.986160393494195
1.5619047619047621,-2.037497112892326,2.474831046616065,-20.007672587360762
1.5714285714285716,-1.9515659982558575,2.4096102812735793,-20.023944783701562
1.580952380952381,-1.8907965628882257,2.353491793352472,-20.035200757117465
1.5904761904761906,-1.8550846025122203,2.3066781999453907,-20.041642670251402
1.6,-1.8441514221588702,2.269299472546945,-20.043446844089083
1.6095238095238096,-1.8575517305303837,2.2414144037804222,-20.04076081903342
1.6190476190476193,-1.894682390270881,2.2230125676780066,-20.033702255863798
1.6285714285714288,-1.954792078866896,2.2140168245791223,-20.02235952747316
1.6380952380952383,-2.0369919063422506,2.2142863802399413,-20.006793808696322
1.6476190476190478,-2.1402661341158895,2.223620024940797,-19.98704267067545
1.6571428571428573,-2.2634843410165835,2.2417601108385323,-19.96312459593635
1.6666666666666667,-2.405413072262698,2.2683964868794537,-19.935044639857082
1.6761904761904765,-2.5647285632777606,2.3031709270995075,-19.902800586880563
1.685714285714286,-2.7400291717181555,2.34568161110657,-19.86638964029984
1.6952380952380954,-2.9298481752662218,2.395487814976871,-19.825815227550667
1.704761904761905,-3.1326665448749687,2.4521146828474563,-19.78109374626016
1.7142857142857144,-3.346925663130664,2.515058049059892,-19.7322610119912
1.723809523809524,-3.5710398893499997,2.583789264581136,-19.67937820458834
1.7333333333333334,-3.803408875479655,2.657759984307896,-19.622537134982096
1.742857142857143,-4.042429580410999,2.7364068820499954,-19.56186467608788
1.7523809523809526,-4.286507852423789,2.819156150555659,-19.497526310593337
1.761904761904762,-4.534069726997715,2.9054283846265907,-19.429728285009244
1.7714285714285716,-4.783543446641458,2.9946324051671587,-19.358727433386715
1.780952380952381,-5.033482834624635,3.0862098945613456,-19.284798396862826
1.7904761904761906,-5.282365517272424,3.1795632701199734,-19.20829481960238
1.8,-5.528833678501382,3.2741441291649025,-19.129574673368953
1.8095238095238098,-5.771595773414607,3.3694193536406685,-19.049032343899174
1.8190476190476192,-6.009357290146562,3.4648431377884883,-18.9671251076964
1.8285714285714287,-6.24093314075738,3.5599010136955918,-18.88432392459186
1.8380952380952382,-6.465223473616255,3.6541015479401957,-18.80112134751097
1.8476190476190477,-6.6812138445717775,3.746977158368417,-18.718026773175165
1.8571428571428572,-6.887979315671483,3.838086291480502,-18.635559809408278
1.866666666666667,-7.084685314683502,3.9270147958366546,-18.55424390238316
1.8761904761904764,-7.270588992804614,4.013377269116317,-18.474599573244085
1.885714285714286,-7.445039494938068,4.096818065962652,-18.397137742858206
1.8952380952380954,-7.607477462680345,4.177012027545246,-18.32235322914927
1.9047619047619049,-7.757433844250127,4.253664944870169,-18.25071854429656
1.9142857142857144,-7.894528092879465,4.326513778147374,-18.182678100172133
1.923809523809524,-8.01846582334267,4.39532664357394,-18.118642926775372
1.9333333333333336,-8.129036016615096,4.4599025992328265,-18.058985977467923
1.942857142857143,-8.226107837214904,4.520071231128775,-18.00403810256141
1.9523809523809526,-8.309627155334667,4.575692095521264,-17.954084716830174
1.961904761904762,-8.379612822877228,4.626653967232461,-17.90936324071696
1.9714285714285715,-8.43615296188891,4.67287400934426,-17.87006123670193
1.980952380952381,-8.479400747334529,4.714296908358493,-17.83631534472433
1.9904761904761907,-8.509570556956893,4.750893746655498,-17.808210984463738
2.0,-8.526933932898155,4.78266094484526,-17.785782729827268
2.0095238095238095,-8.531815600337277,4.80961911896714,-17.76901537825356
2.0190476190476194,-8.524589567903366,4.8318118954510325,-17.7578456472194
2.028571428571429,-8.505675304282938,4.849304709675099,-17.752164440696472
2.0380952380952384,-8.475534015277432,4.862183585504314,-17.75181962490434
2.047619047619048,-8.434665025875894,4.87055390988909,-17.756619242268968
2.0571428571428574,-8.38360226535158,4.874539206333731,-17.76633509311256
2.066666666666667,-8.322910852267622,4.8742799146791125,-17.780706610031565
2.0761904761904764,-8.253183775576863,4.869932174514217,-17.799444950880044
2.085714285714286,-8.175038652274212,4.861666620462707,-17.822237238015777
2.0952380952380953,-8.08911455753998,4.849667184983783,-17.84875087152563
2.104761904761905,-7.996068910250901,4.834129909829085,-17.8786378494574
2.1142857142857143,-7.8965744043990105,4.815261765258014,-17.911539030370605
2.123809523809524,-7.791315974493703,4.793279475574725,-17.947088279683133
2.1333333333333337,-7.681018194575652,4.768417676981486,-17.984904470336645
2.1428571428571432,-7.566365888241475,4.740904946878923,-18.024625371709167
2.1523809523809527,-7.448005929716752,4.7109625274741544,-18.065909178931584
2.161904761904762,-7.3266788409784445,4.678845578234924,-18.10837631670552
2.1714285714285717,-7.2031342204826405,4.644817702684361,-18.15167018359577
2.180952380952381,-7.078048868469099,4.609124438558212,-18.195464950321938
2.1904761904761907,-6.952065590693049,4.572003115966802,-18.2394595469644
2.2,-6.825875760923759,4.533711588160687,-18.2833465629905
2.2095238095238097,-6.700148132028303,4.494504511628844,-18.326840369270435
2.219047619047619,-6.57550886979265,4.454625115605356,-18.369684622657225
2.2285714285714286,-6.452612498068298,4.414331830555659,-18.411625248194543
2.238095238095238,-6.332075432844682,4.373873434230175,-18.452435215733576
2.2476190476190476,-6.2143910270086415,4.333454298435289,-18.491944806521804
2.2571428571428576,-6.100166141964503,4.29332777718733,-18.52995300058568
2.266666666666667,-5.989938050180623,4.2537245161859,-18.566294507516776
2.2761904761904765,-5.88419822102561,4.214861406893394,-18.600829351461435
2.285714285714286,-5.783409574253893,4.176947858734602,-18.633435044447083
2.2952380952380955,-5.688000406424179,4.140183543951899,-18.66400725707862
2.304761904761905,-5.598365047363949,4.104758100238079,-18.692457976831555
2.3142857142857145,-5.5148607103042995,4.070849967719826,-18.718715016812617
2.323809523809524,-5.43780812679015,4.038626150498543,-18.74272018131724
2.3333333333333335,-5.36749325338455,4.008243220226163,-18.764427076492684
2.342857142857143,-5.304153894120515,3.979839735262512,-18.78380446485664
2.3523809523809525,-5.2480004252699715,3.95354721615242,-18.800827383477
2.361904761904762,-5.199201370478237,3.9294818846848076,-18.81548110719769
2.3714285714285714,-5.157886475809905,3.907746419706857,-18.827758887568635
2.3809523809523814,-5.124148237802402,3.8884300886301917,-18.83766045917246
2.390476190476191,-5.098041606332446,3.8716084090556278,-18.845191339616402
2.4,-5.079585135774831,3.8573432799104257,-18.850361805413833
2.40952380952381,-5.068763803978091,3.845683740501618,-18.853185462343543
2.4190476190476193,-5.065526957957275,3.8366650583149906,-18.853679688615028
2.428571428571429,-5.069790832160727,3.8303093794418834,-18.85186467371379
2.4380952380952383,-5.081440151672518,3.826626104742325,-18.847762943934963
2.447619047619048,-5.10033169437833,3.8256130407995528,-18.841398337842893
2.4571428571428573,-5.126291568423837,3.827255188923616,-18.832797393406587
2.466666666666667,-5.159120305600402,3.831526480470654,-18.821988077362242
2.4761904761904763,-5.198593378233595,3.838389807326749,-18.809000280970153
2.4857142857142858,-5.244463683102351,3.8477978294744792,-18.79386570647684
2.4952380952380953,-5.296463512512846,3.8596936041615924,-18.776618025222632
2.504761904761905,-5.354305663914284,3.874010850692466,-18.7572934553575
2.5142857142857147,-5.417686307036748,3.8906749737020387,-18.735930709443675
2.523809523809524,-5.486286575679973,3.9096035578758266,-18.712565777238837
2.5333333333333337,-5.559774666133406,3.9307070901122954,-18.687245253419224
2.542857142857143,-5.637807936094441,3.953889703548575,-18.66002187392472
2.5523809523809526,-5.72003448782712,3.9790496601061913,-18.630948278361974
2.561904761904762,-5.806095825553558,4.00608042336781,-18.60008118383352
2.5714285714285716,-5.895629446541636,4.034871826524659,-18.567481243029015
2.580952380952381,-5.98826782327024,4.065309031493875,-18.53321480748891
2.5904761904761906,-6.083642937658665,4.097274790531138,-18.497352709830274
2.6,-6.181387013225139,4.130649502410936,-18.459970924542276
2.6095238095238096,-6.281134728831917,4.165312345204038,-18.421150219174482
2.619047619047619,-6.3825238870053,4.201141059272839,-18.380976856299394
2.628571428571429,-6.48519770462376,4.238013220693054,-18.339541953514374
2.6380952380952385,-6.588806006006964,4.275806565757318,-18.296941542196354
2.647619047619048,-6.693006453407813,4.314399731444134,-18.2532762318057
2.6571428571428575,-6.797465930174933,4.353672454271442,-18.2086511295935
2.666666666666667,-6.90186158968138,4.393506304450639,-18.163175332786405
2.6761904761904765,-7.0058819374612895,4.4337850600972475,-18.116961566588696
2.685714285714286,-7.109227601873917,4.474395135870812,-18.070125740570212
2.6952380952380954,-7.211612249663545,4.515225951412371,-18.02278643103429
2.704761904761905,-7.3127634457974615,4.5561702972667915,-17.975064288934576
2.7142857142857144,-7.412423041550707,4.59712464750678,-17.92708148643186
2.723809523809524,-7.510347819999004,4.6379894474590255,-17.878961066487406
2.7333333333333334,-7.60631010686644,4.678669405888435,-17.83082622558684
2.742857142857143,-7.700097489120336,4.7190736051714675,-17.782799845545565
2.752380952380953,-7.79151269058244,4.759115586858902,-17.735003975018913
2.7619047619047623,-7.880375673041855,4.7987138990580345,-17.687558485756927
2.771428571428572,-7.966521834493044,4.837791864073996,-17.640581040106113
2.7809523809523813,-8.049802591891963,4.876277782873819,-17.594186249521453
2.7904761904761908,-8.130085352418028,4.9141050182001615,-17.54848502685889
2.8000000000000003,-8.207253291516434,4.9512120241977495,-17.503584013476125
2.8095238095238098,-8.281204374784283,4.987542157140735,-17.459585345633556
2.8190476190476192,-8.351852261328355,5.023043971392637,-17.416585647015165
2.8285714285714287,-8.419125526766203,5.057671082673557,-17.374675728351104
2.8380952380952382,-8.482967202923524,5.091382096119243,-17.33394019435647
2.8476190476190477,-8.543333437277361,5.124140262152151,-17.294457498750155
2.857142857142857,-8.600194916486645,5.15591393821996,-17.256298758374495
2.866666666666667,-8.653534926554155,5.186676065657561,-17.219528148665987
2.8761904761904766,-8.703349409460063,5.216404223121694,-17.1842024253095
2.885714285714286,-8.749646133798121,5.245080407389051,-17.150370909115402
2.8952380952380956,-8.792444095005507,5.272690875889233,-17.11807541264717
2.904761904761905,-8.831773409460714,5.299226148814139,-17.08733928280171
2.9142857142857146,-8.867674306652182,5.324680713147142,-17.05819913713035
2.923809523809524,-8.900196758408244,5.3490529292551985,-17.030674495124998
2.9333333333333336,-8.929400063268577,5.3723449262100536,-17.004776598037587
2.942857142857143,-8.955351662075314,5.39456221385158,-16.9805095591327
2.9523809523809526,-8.978126396058999,5.415713436347136,-16.957870658515063
2.961904761904762,-8.997807700935184,5.435810847257248,-16.936849604197622
2.9714285714285715,-9.014485296322256,5.454869496356624,-16.91742975008153
2.980952380952381,-9.028255238924665,5.472907272384134,-16.899588064645176
2.990476190476191,-9.039219431379717,5.489944747955181,-16.883295426270326
3.0,-9.047485042478218,5.506004987869941,-16.868516998819892
3.00952380952381,-9.053163597359351,5.521113207523421,-16.855212833959175
3.0190476190476194,-9.056371210264938,5.535296905310651,-16.843337827349163
3.028571428571429,-9.057227801107922,5.548585578950191,-16.832842283424934
3.0380952380952384,-9.055856588743382,5.561010547356323,-16.823672339967384
3.047619047619048,-9.052383276009905,5.5726046163784755,-16.81577060089363
3.0571428571428574,-9.046936439059424,5.58340231035714,-16.809076035651813
3.066666666666667,-9.039646463742852,5.593439423801627,-16.80352477804034
3.0761904761904764,-9.03064537568102,5.602752988811576,-16.7990503800178
3.085714285714286,-9.020066345792522,5.611381079777554,-16.79558427065124
3.0952380952380953,-9.008043313907129,5.6193626712451765,-16.793056141134223
3.104761904761905,-8.99471074209635,5.626737575424128,-16.791394236483278
3.1142857142857148,-8.980203133848562,5.633546236208901,-16.790525800994146
3.1238095238095243,-8.964654748891991,5.6398296367293925,-16.790377384529613
3.1333333333333337,-8.948199258102468,5.645629167815317,-16.790875181111453
3.1428571428571432,-8.93096941690278,5.65098649992056,-16.79194534726863
3.1523809523809527,-8.913096774085199,5.655943500929906,-16.79351427338524
3.161904761904762,-8.894711338345678,5.660542063148517,-16.795508899629148
3.1714285714285717,-8.875941353105762,5.664823932774659,-16.797856972543542
3.180952380952381,-8.856913011895326,5.668830858121469,-16.80048717218423
3.1904761904761907,-8.837750170803753,5.672604250131222,-16.803329440761445
3.2,-8.818574098924328,5.676185174064289,-16.80631513645383
3.2095238095238097,-8.799503382619326,5.679614201309291,-16.80937717099154
3.219047619047619,-8.780653451385298,5.68293141382198,-16.812450224627316
3.2285714285714286,-8.762136604182313,5.686176235550481,-16.81547081592002
3.2380952380952386,-8.74406163016607,5.6893873849662535,-16.81837747560418
3.247619047619048,-8.726533895818612,5.692602786924125,-16.821110733418937
3.2571428571428576,-8.709654831514557,5.695859506182548,-16.82361333482823
3.266666666666667,-8.693522019034539,5.699193672123649,-16.825830202844816
3.2761904761904765,-8.678228963359334,5.702640413893419,-16.827708518597458
3.285714285714286,-8.66386499523938,5.706233801019541,-16.829197738282428
3.2952380952380955,-8.65051514864135,5.710006786693551,-16.830242955693265
3.304761904761905,-8.63826005989998,5.713991154183853,-16.830798650234005
3.3142857142857145,-8.627175886271042,5.718217470427657,-16.830827593327214
3.323809523809524,-8.617334234128109,5.722715042118118,-16.83028840425236
3.3333333333333335,-8.608802105096272,5.72751187865854,-16.829141949974307
3.342857142857143,-8.60164184779693,5.732634655107719,-16.827351314753425
3.352380952380953,-8.595911130594533,5.738108683433534,-16.824881758200632
3.3619047619047624,-8.591662926930205,5.743957888297038,-16.821700667921867
3.371428571428572,-8.588945514844873,5.750204789014681,-16.817777506071504
3.3809523809523814,-8.587802477832678,5.756870475739469,-16.813083762073465
3.390476190476191,-8.588272735540155,5.763974604056702,-16.80759288827018
3.4,-8.590390575992167,5.77153538556697,-16.801280242004314
3.40952380952381,-8.594185702222703,5.779569585555186,-16.79412302379582
3.4190476190476193,-8.599683289483785,5.788092522567262,-16.786100216385478
3.428571428571429,-8.606904054475084,5.797118074211268,-16.777192522074753
3.4380952380952383,-8.615864334298124,5.806658686013704,-16.767382301273603
3.447619047619048,-8.626576174181796,5.816725384511401,-16.75665351215764
3.4571428571428573,-8.639047428766123,5.827327792496561,-16.74499165094203
3.466666666666667,-8.653281860885329,5.838474150929057,-16.732383696287762
3.4761904761904767,-8.669279266389232,5.850171339559494,-16.718818051578715
3.485714285714286,-8.687035589940523,5.8624249049949295,-16.704284493219895
3.4952380952380957,-8.706543055035647,5.8752390894966995,-16.688774119815868
3.504761904761905,-8.727790300276368,5.888616863026598,-16.672279303576882
3.5142857142857147,-8.750762519411516,5.902559957919702,-16.65479364496313
3.523809523809524,-8.775441607610173,5.917068905926853,-16.636311929426405
3.5333333333333337,-8.801806308857744,5.9321430771579395,-16.61683008812258
3.542857142857143,-8.829832373644834,5.947780721555348,-16.59634515820064
3.5523809523809526,-8.85949271419931,5.963979011763481,-16.574855247854714
3.561904761904762,-8.890757563580708,5.980734087579949,-16.55235950308608
3.5714285714285716,-8.92359463528829,5.998041101546704,-16.528858077254927
3.580952380952381,-8.957969289864623,6.015894266560281,-16.50435209973026
3.5904761904761906,-8.99384388787897,6.034287060676183,-16.47884385955418
3.6,-9.031179377971581,6.0532118649114715,-16.452336496640697
3.60952380952381,-9.069936643643684,6.072660070070183,-16.424833483080747
3.6190476190476195,-9.110073536712706,6.092622710294904,-16.396339421237343
3.628571428571429,-9.151545156367577,6.113090175350833,-16.366860209772916
3.6380952380952385,-9.194306177193363,6.134052048128393,-16.336402310603766
3.647619047619048,-9.23831011318871,6.155497369392047,-16.304972923435653
3.6571428571428575,-9.283509272724743,6.177414581190183,-16.272580134895087
3.666666666666667,-9.32985510461183,6.199791652011535,-16.239232754062858
3.6761904761904765,-9.37729827381428,6.222616095890001,-16.2049403457571
3.685714285714286,-9.425788838502177,6.24587503387191,-16.169713183269145
3.6952380952380954,-9.475276391492073,6.269555242005444,-16.13356222403
3.704761904761905,-9.52571015608721,6.293643177753517,-16.096499122426824
3.7142857142857144,-9.577039159702133,6.318125043865606,-16.058532724428495
3.7238095238095243,-9.62921234298251,6.3429868225972,-16.019668313071122
3.733333333333334,-9.682178680529198,6.3682143150110155,-15.979930755630882
3.7428571428571433,-9.73588733433748,6.393793204586901,-15.939334130026777
3.752380952380953,-9.79028776167074,6.419709099848598,-15.897893028562065
3.7619047619047623,-9.845329744501143,6.44594751292267,-15.855622629930286
3.771428571428572,-9.900963581153803,6.472493958047326,-15.812538564721775
3.7809523809523813,-9.957140152619749,6.499333964835554,-15.768656921635348
3.7904761904761908,-10.01381102002489,6.526453117863882,-15.723994206213915
3.8000000000000003,-10.070928506838758,6.553837080350033,-15.67856732025075
3.8095238095238098,-10.128445779481932,6.581471648822826,-15.632393495989705
3.8190476190476192,-10.186316924261904,6.6093427382521535,-15.58549031769927
3.8285714285714287,-10.244497014606264,6.63743644798777,-15.53787563663951
3.8380952380952382,-10.302942187803245,6.665739066703885,-15.489567556800093
3.847619047619048,-10.361609672728198,6.694237112371619,-15.440584387200438
3.8571428571428577,-10.420457886485552,6.722917335120578,-15.390944614554266
3.866666666666667,-10.479446453209633,6.7517667514051745,-15.340666857432247
3.8761904761904766,-10.538536258833567,6.780772658210779,-15.28976982949187
3.885714285714286,-10.597689475360184,6.809922651354804,-15.238272304547506
3.8952380952380956,-10.656869603373837,6.839204639575268,-15.186193076132863
3.904761904761905,-10.716041511215174,6.868606858595284,-15.133550914696512
3.9142857142857146,-10.775171439817246,6.8981178842583155,-15.080364535173587
3.923809523809524,-10.834227032630928,6.92772664305182,-15.02665255524724
3.9333333333333336,-10.893177363571345,6.957422422849948,-14.97243345018931
3.942857142857143,-10.951992905539582,6.9871948781486575,-14.917725536724184
3.9523809523809526,-11.0106455142188,7.017034033131024,-14.86254695123143
3.961904761904762,-11.069108565873204,7.046930298684611,-14.806915541764434
3.971428571428572,-11.127356827537314,7.07687446647976,-14.750848900304774
3.9809523809523815,-11.185366494930644,7.1068577148595615,-14.694364307024998
3.990476190476191,-11.243115193105075,7.136871611702663,-14.63747869188299
4.0,-11.300581957224221,7.166908114161923,-14.580208607551642
4.0095238095238095,-11.357747142977573,7.1969595574433916,-14.522570249323827
4.019047619047619,-11.414592574617137,7.227018675707578,-14.464579318668946
4.028571428571429,-11.471101376089123,7.257078579106014,-14.40625109362348
4.038095238095239,-11.52725804548791,7.287132764355024,-14.347600337504629
4.047619047619048,-11.583048319938692,7.317175093147574,-14.2886413531892
4.057142857142858,-11.638459287394905,7.3471998089142705,-14.229387861566671
4.066666666666667,-11.693479261776803,7.377201515773176,-14.169853049506374
4.076190476190477,-11.748097792223916,7.407175178431378,-14.110049521660617
4.085714285714286,-11.802305611843831,7.437116111663686,-14.04998929766991
4.095238095238096,-11.856094601447518,7.4670199718764305,-13.989683799288741
4.104761904761905,-11.909457788276601,7.496882754910165,-13.929143809534617
4.114285714285715,-11.9623892804127,7.526700781852168,-13.868379484062226
4.123809523809524,-12.014884245825654,7.556470692729388,-13.807400327716886
4.133333333333334,-12.066938888819903,7.586189439851935,-13.746215172789903
4.142857142857143,-12.118550366068025,7.615854268595166,-13.684832211675765
4.152380952380953,-12.169716732423636,7.645462703683892,-13.623259007044645
4.161904761904762,-12.220437042261473,7.67501256754634,-13.56150236129373
4.171428571428572,-12.270711173899628,7.7045019418596326,-13.499568435071192
4.180952380952381,-12.320539837546015,7.733929166330513,-13.437462703974985
4.190476190476191,-12.369924543718243,7.763292829323764,-13.375185557259533
4.2,-12.418867556974876,7.792591754936742,-13.312734826223206
4.20952380952381,-12.46737179838955,7.821824979715388,-13.250124937887264
4.219047619047619,-12.515440941278937,7.850991771580815,-13.187358609481942
4.228571428571429,-12.56307925276543,7.8800915912378064,-13.124437929325648
4.238095238095238,-12.610291630965067,7.9091240982824615,-13.061364286678913
4.247619047619048,-12.657083488004256,7.938089121439351,-12.998138462319291
4.257142857142857,-12.703460812298749,7.966986671009443,-12.934760531973387
4.2666666666666675,-12.74943006353709,7.995816911705839,-12.871229947845883
4.276190476190477,-12.79499816457963,8.024580158484342,-12.807545518955223
4.2857142857142865,-12.840172453965227,8.053276862785482,-12.743705435704424
4.295238095238096,-12.884960650634692,8.081907601708231,-12.679707283038745
4.3047619047619055,-12.92937084030211,8.110473072705158,-12.615548029428702
4.314285714285715,-12.973411424401805,8.138974078761207,-12.551224060722452
4.323809523809524,-13.01709109720503,8.167411520700444,-12.486731182801936
4.333333333333334,-13.060418821069122,8.195786389227212,-12.422064626846382
4.342857142857143,-13.103403772109727,8.224099748645473,-12.357219093915818
4.352380952380953,-13.146055304900017,8.25235272569283,-12.292188779116788
4.361904761904762,-13.188382992602904,8.280546519553281,-12.226967296383114
4.371428571428572,-13.23039653016053,8.308682373679627,-12.161547782888967
4.380952380952381,-13.27210573107513,8.336761573632193,-12.095922884086463
4.390476190476191,-13.313520504130945,8.36478543942653,-12.030084765126212
4.4,-13.354650824403816,8.392755316127495,-11.964025131621803
4.40952380952381,-13.395506685553544,8.42067255838439,-11.8977352810372
4.419047619047619,-13.43609813076292,8.448538539651583,-11.831206037729682
4.428571428571429,-13.47643518115451,8.476354629142941,-11.76442784162748
4.438095238095238,-13.516527842650248,8.504122193772874,-11.6973907200682
4.447619047619048,-13.55638605643557,8.531842581308418,-11.630084349975256
4.457142857142857,-13.596019713202741,8.559517125266332,-11.562498017019307
4.466666666666667,-13.635438609349865,8.587147129818696,-11.494620671187665
4.476190476190476,-13.674652437300056,8.614733866481533,-11.426440927103116
4.485714285714286,-13.71367076354481,8.642278566309283,-11.357947086627426
4.495238095238095,-13.752503011384405,8.669782413703757,-11.289127154752311
4.504761904761905,-13.791158449308424,8.697246542579975,-11.219968844561118
4.514285714285715,-13.829646170095474,8.724672028616624,-11.15045960205652
4.523809523809525,-13.867975077684147,8.752059884640667,-11.080586616403078
4.533333333333334,-13.906153871236532,8.77941105466051,-11.01033683756473
4.542857142857144,-13.944191032636256,8.806726409521525,-10.939696986495246
4.552380952380953,-13.982094811234154,8.834006740852997,-10.868653574439156
4.561904761904763,-14.019873212679373,8.861252757273386,-10.797192911639984
4.571428571428572,-14.057533985210918,8.888465078674923,-10.725301126089203
4.5809523809523816,-14.09508460936567,8.915644233106756,-10.652964169958867
4.590476190476191,-14.132532285231886,8.942790651204241,-10.580167838619122
4.6000000000000005,-14.169883922242372,8.969904662788757,-10.506897779315583
4.60952380952381,-14.207146130904063,8.996986490007066,-10.433139517755466
4.6190476190476195,-14.244325209800751,9.024036249211141,-10.358878441537591
4.628571428571429,-14.281427138516124,9.051053942129284,-10.284099836822703
4.6380952380952385,-14.31845756684986,9.078039454197242,-10.208788890262083
4.647619047619048,-14.355421811117141,9.104992550161482,-10.132930704650658
4.6571428571428575,-14.392324839026132,9.131912871730838,-10.05651030485317
4.666666666666667,-14.429171267064484,9.15879993343299,-9.979512652733565
4.6761904761904765,-14.465965351286174,9.185653119655912,-9.901922656723123
4.685714285714286,-14.502710982551456,9.212471681667418,-9.823725181652673
4.695238095238095,-14.539411678491552,9.239254734595482,-9.744905059154611
4.704761904761905,-14.576070575627053,9.266001254344129,-9.665447098604654
4.714285714285714,-14.612690426337224,9.292710075015963,-9.58533609577616
4.723809523809524,-14.649273591585093,9.319379886051998,-9.50455684321306
4.733333333333333,-14.685822033523989,9.346009229192367,-9.423094141731157
4.742857142857143,-14.722337316977402,9.372596497014435,-9.340932804310999
4.752380952380952,-14.75882060826597,9.399139931274478,-9.258057661020782
4.761904761904763,-14.795272649598092,9.425637616701337,-9.174453587296048
4.771428571428572,-14.831693774616431,9.45208748212369,-9.090105495469707
4.780952380952382,-14.868083897169555,9.478487296940216,-9.004998349987236
4.790476190476191,-14.90444251014592,9.504834669471512,-8.919117173397957
4.8,-14.940768677271837,9.531127043837401,-8.832447060115456
4.80952380952381,-14.977061046350968,9.557361701796188,-8.744973165304016
4.81904761904762,-15.013317816124669,9.583535753650809,-8.656680749009123
4.828571428571429,-15.049536760397462,9.609646142818127,-8.567555152252838
4.838095238095239,-15.085715208270894,9.635689639678553,-8.477581826766095
4.847619047619048,-15.121850060749308,9.66166284490769,-8.386746317839753
4.857142857142858,-15.157937764534976,9.687562181202729,-8.29503133237553
4.866666666666667,-15.193974326111746,9.713383895445793,-8.202419240024435
4.876190476190477,-15.229955303983761,9.739124056696882,-8.108902633411608
4.885714285714286,-15.265875810320948,9.764778555400468,-8.014467586491312
4.895238095238096,-15.30173050986728,9.790343101774447,-7.9191003212812
4.904761904761905,-15.337513612420038,9.815813222484401,-7.822787225988059
4.914285714285715,-15.373218877318168,9.84118426107802,-7.725514854781347
4.923809523809524,-15.408839609559095,9.866451375803441,-7.627269941028918
4.933333333333334,-15.444368656050091,9.891609537291313,-7.528039411461554
4.942857142857143,-15.479798414573562,9.916653530911125,-7.427810378284802
4.9523809523809526,-15.51512083717025,9.941577957197318,-7.326570139999783
4.961904761904762,-15.550327400164743,9.966377220012335,-7.224306244621222
4.9714285714285715,-15.585409132794162,9.99104553610208,-7.121006447503037
4.980952380952381,-15.620356607459158,10.015576930675971,-7.016658738358271
4.9904761904761905,-15.655159938920285,10.039965236219855,-6.911251353199799
5.0,-15.689808785419142,10.064204092046626,-6.804772783242342
5.00952380952381,-15.724292358877475,10.088286947792348,-6.697211764913424
5.01904761904762,-15.758599409648056,10.112207056225602,-6.588557322996811
5.028571428571429,-15.792718233370877,10.135957475195767,-6.478798770019442
5.038095238095239,-15.826636672987588,10.159531067663462,-6.36792571567285
5.047619047619048,-15.86034213191968,10.182920506961054,-6.255928050890886
5.057142857142858,-15.8938215509597,10.20611826535391,-6.142796015105117
5.066666666666667,-15.92706142902391,10.229116622733988,-6.0285201657636005
5.076190476190477,-15.960047817606032,10.251907663169296,-5.913091407989148
5.085714285714286,-15.992766326999192,10.274483277075316,-5.796500997809587
5.095238095238096,-16.025202129594547,10.296835162016123,-5.678740552692396
5.104761904761905,-16.057339956502343,10.318954820044437,-5.559802080652792
5.114285714285715,-16.089164106704843,10.340833561435161,-5.439677978642537
5.123809523809524,-16.12065844771462,10.36246250408332,-5.318361053671461
5.133333333333334,-16.151806416724078,10.383832572911501,-5.195844544921718
5.142857142857143,-16.182591034322595,10.404934506556529,-5.072122111443524
5.152380952380953,-16.21299491239916,10.42575886086362,-4.947187834454882
5.161904761904762,-16.243000230866198,10.4462959940914,-4.821036316175776
5.171428571428572,-16.272588770807886,10.466536084819007,-4.693662614305331
5.180952380952381,-16.30174191080393,10.48646912852033,-4.56506228485677
5.190476190476191,-16.33044063160066,10.506084938826893,-4.435231403483566
5.2,-16.35866552442417,10.525373151044835,-4.3041665770748665
5.20952380952381,-16.38639681119225,10.544323233640952,-4.171864914278203
5.219047619047619,-16.413614322602218,10.562924471774263,-4.038324143532099
5.228571428571429,-16.440297533052302,10.581165988398421,-3.9035425386750155
5.238095238095238,-16.466425552395606,10.599036736296501,-3.76751899647546
5.2476190476190485,-16.491977153833787,10.616525515211007,-3.6302529842312428
5.257142857142858,-16.51693076059383,10.633620959504762,-3.491744645708762
5.2666666666666675,-16.541264472631497,10.650311554356671,-3.3519947579246487
5.276190476190477,-16.564956071194636,10.666585635869527,-3.2110047751096538
5.2857142857142865,-16.5879830337871,10.682431398778665,-3.0687768342212767
5.295238095238096,-16.610322546994894,10.697836902483735,-2.925313770880531
5.3047619047619055,-16.631951514569728,10.712790072957445,-2.7806191616123934
5.314285714285715,-16.652846576083203,10.72727871296567,-2.634697321712852
5.323809523809524,-16.67298411927976,10.741290507000343,-2.487553335401941
5.333333333333334,-16.69234029357246,10.754813026607582,-2.3391930867633115
5.342857142857143,-16.710891033421117,10.767833744552304,-2.1896232418888864
5.352380952380953,-16.72861207718442,10.780340045088867,-2.0388512514472015
5.361904761904762,-16.745478965049493,10.79231921345505,-1.8868854882152406
5.371428571428572,-16.761467078013,10.803758463811468,-1.7337351530463767
5.380952380952381,-16.776551650738885,10.814644942351253,-1.5794103327525497
5.390476190476191,-16.790707791365726,10.824965736294219,-1.4239220269881714
5.4,-16.80391050440646,10.83470788563643,-1.2672821610247367
5.40952380952381,-16.81613472097747,10.84385840339609,-1.1095035415554881
5.419047619047619,-16.827355304615057,10.852404266536071,-0.9506000147801754
5.428571428571429,-16.837547092110196,10.860332447032508,-0.7905863590267466
5.438095238095238,-16.846684909507733,10.867629912659845,-0.6294783850545671
5.447619047619048,-16.854743608540158,10.874283653519553,-0.4672928585177569
5.457142857142857,-16.86169808261364,10.880280679531253,-0.3040476364659708
5.466666666666667,-16.867523304048465,10.885608046479316,-0.13976160067730534
5.476190476190476,-16.872194350915,10.890252866457402,0.02554529191914806
5.485714285714286,-16.875686439493737,10.894202325839949,0.1918520115037719
5.495238095238096,-16.877974956286614,10.89744370180208,0.35913644452838445
5.504761904761906,-16.879035489707203,10.899964375631994,0.5273753493142768
5.514285714285715,-16.878843866066923,10.901751853569365,0.6965443714501516
5.523809523809525,-16.87737618439982,10.902793783265661,0.8666180176670097
5.533333333333334,-16.87460885332987,10.903077973590936,1.037569656083722
5.542857142857144,-16.870518628442323,10.902592412185983,1.2093714893912428
5.552380952380953,-16.86508265124012,10.901325287706651,1.3819945714141078
5.561904761904763,-16.858278488581206,10.899265008169696,1.555408779513244
5.571428571428572,-16.850084173872496,10.896400221560855,1.7295828027035638
5.5809523809523816,-16.840478248621338,10.89271983921154,1.9044841590184085
5.590476190476191,-16.82943980522037,10.888213056653699,2.080079179926535
5.6000000000000005,-16.81694853060613,10.882869376323505,2.2563330112542803
5.60952380952381,-16.802984750734964,10.876678630518937,2.433209613588245
5.6190476190476195,-16.787529476046906,10.869631004857812,2.610671764462949
5.628571428571429,-16.770564447566432,10.861717062127532,2.7886810625699368
5.6380952380952385,-16.752072183771986,10.85292776653898,2.9671979339116565
5.647619047619048,-16.732036028043957,10.843254508303174,3.1461816399744817
5.6571428571428575,-16.710440196971536,10.832689128662064,3.32559028828298
5.666666666666667,-16.687269828498007,10.821223944859055,3.505380844545936
5.6761904761904765,-16.662511031522513,10.808851775881108,3.6855091481849405
5.685714285714286,-16.636150934868272,10.795565967879014,3.865929929243622
5.695238095238095,-16.608177736951866,10.781360419961494,4.0465968281901725
5.704761904761905,-16.57858075554232,10.766229610052074,4.227462418266798
5.714285714285714,-16.547350477479025,10.750168620720721,4.408478230271934
5.723809523809524,-16.514478608347293,10.733173165004382,4.589594780079786
5.733333333333334,-16.47995812186657,10.715239612049064,4.770761598502295
5.742857142857144,-16.443783309118594,10.696365012727519,4.951927264551386
5.752380952380953,-16.405949827171998,10.676547124903907,5.133039441053178
5.761904761904763,-16.366454747097016,10.655784438350082,5.314044912830631
5.771428571428572,-16.325296601190196,10.634076199162786,5.494889626875638
5.780952380952382,-16.282475429696763,10.611422434240158,5.675518738754603
5.790476190476191,-16.237992825940278,10.587823974492075,5.855876657552673
5.8,-16.19185198058994,10.563282477825117,6.035907096077278
5.80952380952381,-16.1440577244717,10.537800451227834,6.215553122669146
5.81904761904762,-16.0946165699285,10.51138127221556,6.39475721713678
5.828571428571429,-16.043536750417427,10.484029209205588,6.573461328222422
5.838095238095239,-15.990828258182049,10.45574944096208,6.751613326292634
5.847619047619048,-15.936502879833686,10.426548074960968,6.929151368016599
5.857142857142858,-15.880574230324264,10.396432164664102,7.106012966058815
5.866666666666667,-15.823057784057648,10.36540972501648,7.282138577482339
5.876190476190477,-15.763970903409708,10.33348974738281,7.457468458444949
5.885714285714286,-15.703332864722107,10.30068221230488,7.631942732810006
5.895238095238096,-15.641164881381675,10.266998101070817,7.805501467387527
5.904761904761905,-15.57749012379149,10.232449405594554,7.978084748798868
5.914285714285715,-15.51233373620708,10.197049136520857,8.149632761265536
5.923809523809524,-15.44572285014378,10.160811329544044,8.320085866542069
5.933333333333334,-15.377686594465066,10.12375104979719,8.489384683922228
5.942857142857143,-15.308256101396715,10.085884394340237,8.657470174116314
5.9523809523809526,-15.237464509038121,10.047228492512858,8.824283721808728
5.961904761904762,-15.165346959864895,10.007801504195509,8.989767219549202
5.9714285714285715,-15.091940595296379,9.967622615892767,9.153863151578198
5.980952380952382,-15.017284545574986,9.926712034550931,9.316514680229277
5.990476190476191,-14.941420440369019,9.885091140549406,9.477664413259047
6.0,-14.864391598450661,9.842782246484678,9.637256623972597
6.00952380952381,-14.786242443976722,9.799808393512375,9.795238546781395
6.01904761904762,-14.70702106273,9.75619414979054,9.951554201893067
6.028571428571429,-14.626773732609502,9.711963844473846,10.106157222618123
6.038095238095239,-14.54555333412192,9.66714428803129,10.258991455883992
6.047619047619048,-14.463409080639531,9.621761381345912,10.41001402199056
6.057142857142858,-14.380397560163557,9.575843797639532,10.559171176366085
6.066666666666667,-14.296573158331531,9.529419743329989,10.706418859107325
6.076190476190477,-14.211994453836123,9.482519133244521,10.85170928685116
6.085714285714286,-14.126720494453474,9.435172292640694,10.994998530372289
6.095238095238096,-14.040811889667756,9.387410325987446,11.136244244375833
6.104761904761905,-13.954330679295472,9.339265038071156,11.275405689029258
6.114285714285715,-13.867340289082659,9.290768926689672,11.412443922972537
6.123809523809524,-13.779905440266418,9.241955123423367,11.547321777641773
6.133333333333334,-13.692092068648757,9.192857353607419,11.680003939434805
6.142857142857143,-13.603967236014741,9.14350988786844,11.810456992192577
6.152380952380953,-13.515599041417106,9.0939474925105,11.938649444571155
6.161904761904762,-13.427056526570642,9.044205379887154,12.06455177793884
6.171428571428572,-13.338409578357838,8.994319155752438,12.188136476209655
6.180952380952381,-13.249728826074497,8.94432476449954,12.3093780554851
6.190476190476191,-13.161086279393109,8.89425873130249,12.428252066961925
6.2,-13.07255401108162,8.844157625917575,12.544736852789349
6.20952380952381,-12.984203262466144,8.794057680767427,12.65881452118559
6.21904761904762,-12.896108173449733,8.743996280511258,12.770465799141427
6.2285714285714295,-12.808338358822898,8.694008931822918,12.879679584055165
6.238095238095239,-12.720969347849913,8.644133513306988,12.986439384480539
6.2476190476190485,-12.634069949834789,8.594405063008288,13.090738961655589
6.257142857142858,-12.547715771669685,8.544861369254571,13.192565711912437
6.2666666666666675,-12.461977426873931,8.495538048089028,13.291914630027295
6.276190476190477,-12.376928055503438,8.446471685231925,13.388779368549452
6.2857142857142865,-12.292638964691871,8.397697983647728,13.483157032724725
6.295238095238096,-12.209180755432548,8.34925223806951,13.575046775126768
6.3047619047619055,-12.126623402151049,8.301169325164814,13.664449325051525
6.314285714285715,-12.045035845939436,8.253483557491272,13.751367489321545
6.323809523809524,-11.964486028153349,8.206228666498532,13.835805797637084
6.333333333333334,-11.885040710609639,8.159437722699645,13.917770550048326
6.342857142857143,-11.806765362328925,8.113143076281053,13.997269738203277
6.352380952380953,-11.72972406220765,8.067376304109255,14.074312944532858
6.361904761904762,-11.653979359800646,8.02216814386686,14.148911310749952
6.371428571428572,-11.5795921601527,7.977548436563121,14.221077465973137
6.380952380952381,-11.506621605304609,7.933546068600863,14.290825460559699
6.390476190476191,-11.43512496122001,7.890188916638609,14.358170694801078
6.4,-11.365157504891036,7.847503793263575,14.42312984926039
6.40952380952381,-11.296772417700042,7.805516395906103,14.48572081091821
6.419047619047619,-11.230020673942976,7.76425125461523,14.545962607403235
6.428571428571429,-11.164950941762777,7.723731685606814,14.603875332169144
6.438095238095238,-11.101609481264054,7.6839797445418725,14.659480077130008
6.447619047619048,-11.040040049929921,7.645016183629439,14.712798863237563
6.457142857142857,-10.98028380756438,7.606860409410892,14.76385457716761
6.466666666666668,-10.922379229325529,7.569530444761521,14.812670906780253
6.476190476190477,-10.866362020676936,7.53304289260009,14.859272281822834
6.485714285714287,-10.812265037180826,7.497412909327408,14.9036838532755
6.495238095238096,-10.760118106800903,7.46265418773008,14.945931822272994
6.504761904761906,-10.709948146650213,7.428778773142222,14.9860462636278
6.514285714285715,-10.661778998464953,7.395797311619495,15.024061106671553
6.523809523809525,-10.615631456379077,7.363718860123068,15.05999277829645
6.533333333333334,-10.571523235933201,7.332550932383104,15.09386885302358
6.542857142857144,-10.52946869874822,7.302299449260818,15.125717720202136
6.552380952380953,-10.4894788182654,7.2729686965286025,15.155568371766014
6.561904761904763,-10.451561361859538,7.244561350252816,15.183449911835728
6.571428571428572,-10.415720700325771,7.217078459149323,15.209391951425681
6.5809523809523816,-10.381957854578058,7.190519462493292,15.233424490135803
6.590476190476191,-10.350270402249452,7.164882164515787,15.255577999777552
6.6000000000000005,-10.320652494420383,7.140162751714463,15.27588340624399
6.60952380952381,-10.293095049411702,7.116355879120306,15.294371909207204
6.6190476190476195,-10.267585295997037,7.0934545094259835,15.311075472204745
6.628571428571429,-10.244107185406655,7.07145008462161,15.32602644741168
6.6380952380952385,-10.222641137212438,7.050332444447287,15.339257884868061
6.647619047619048,-10.20316435567402,7.030089964274322,15.350803288816415
6.6571428571428575,-10.185650477841076,7.010709437827604,15.360697044376536
6.666666666666667,-10.17006986494236,6.992176207551475,15.368974224839008
6.6761904761904765,-10.156389532622255,6.974474157411648,15.375670765371503
6.685714285714286,-10.144573247060842,6.957585770326219,15.380823487172217
6.695238095238095,-10.134581583849613,6.941492172115953,15.384470169100565
6.704761904761906,-10.126371897186532,6.926173141625073,15.38664971441729
6.714285714285715,-10.119898464893842,6.911607189327008,15.387402159750902
6.723809523809525,-10.115112518623278,6.8977715922958796,15.386768802113226
6.733333333333334,-10.111962287524822,6.88464243479175,15.384792320028431
6.742857142857144,-10.11039320186213,6.872194711425465,15.381516752892328
6.752380952380953,-10.11034802170371,6.86040240152617,15.376987556074567
6.761904761904763,-10.111766576547085,6.849238392927622,15.371252021984578
6.771428571428572,-10.11458621935253,6.838674682906551,15.36435904002034
6.780952380952382,-10.118741814375934,6.828682398354572,15.356359292458539
6.790476190476191,-10.124165840878447,6.819231860775858,15.3473053432668
6.8,-10.13078852307092,6.810292661197408,15.337251702005773
6.80952380952381,-10.138538038638597,6.801833765657156,15.326254814082974
6.81904761904762,-10.147340492685638,6.793823528190703,15.314373262453191
6.828571428571429,-10.157120112446204,6.7862297895064465,15.301667761850842
6.838095238095239,-10.167799391119871,6.779019955008814,15.288201193518505
6.847619047619048,-10.17929930126064,6.772161099835378,15.274038569439535
6.857142857142858,-10.191539262658662,6.7656199745427,15.259247209127059
6.866666666666667,-10.204437418452784,6.759363132601947,15.243896626908663
6.876190476190477,-10.21791073047754,6.753356984053993,15.228058570196774
6.885714285714286,-10.231875143376207,6.747567875505253,15.211806982809502
6.895238095238096,-10.246245726712324,6.741962159556517,15.19521797333298
6.904761904761905,-10.260936800809601,6.736506254755278,15.178369780453638
6.914285714285715,-10.275862101603515,6.731166720775412,15.161342688478083
6.923809523809524,-10.290934915500337,6.725910318159553,15.144218949678995
6.933333333333334,-10.306068226341411,6.720704070716373,15.127082676641507
6.942857142857143,-10.32117485625524,6.7155153238640155,15.110019721482544
6.952380952380953,-10.336165008588834,6.710310904874475,15.093120164475163
6.961904761904763,-10.350954275130311,6.70505985047087,15.076470134243321
6.971428571428572,-10.365457384846055,6.69973138555569,15.060158284602691
6.980952380952382,-10.379587358041542,6.694294463334979,15.044276341946215
6.990476190476191,-10.393256377097257,6.688718115753735,15.028927383465714
7.0,-10.406379639517297,6.682972818643713,15.014199928389404
7.00952380952381,-10.418872353707174,6.677029412247233,15.000181940692796
7.01904761904762,-10.430650719886309,6.670859424823966,14.986966638397549
7.028571428571429,-10.441631773414276,6.664435009487292,14.974647197415132
7.038095238095239,-10.451733676112083,6.657729020795381,14.963316256844642
7.047619047619048,-10.460875557457769,6.650714943194171,14.953065883894885
7.057142857142858,-10.46897793575003,6.6433670053634355,14.943986908438069
7.066666666666667,-10.475962578739392,6.6356601099427195,14.936168836344281
7.076190476190477,-10.48175267413819,6.627569861716308,14.929699422056604
7.085714285714286,-10.486272887170777,6.619072557069718,14.924664350174972
7.095238095238096,-10.489449452322061,6.610145182871108,14.921146872567027
7.104761904761905,-10.491210256723747,6.600765411296047,14.919227448906197
7.114285714285715,-10.491484919407336,6.590911592109124,14.91898338825906
7.123809523809524,-10.490204873863952,6.580562745326801,14.92048848721932
7.133333333333334,-10.487303446116277,6.569698551881075,14.92381267504029
7.142857142857143,-10.482715947142951,6.5582993492040345,14.929021650503442
7.152380952380953,-10.476379757402302,6.546346124345516,14.936176535222295
7.161904761904762,-10.46823441857059,6.53382051025069,14.945333531731844
7.171428571428572,-10.458221728375147,6.52070478413126,14.956543593440964
7.180952380952381,-10.446285848729588,6.506981871907718,14.96985210016805
7.190476190476191,-10.432373410643827,6.492635353246998,14.985298557633747
7.2,-10.416433633377705,6.4776494737283,15.002916307778484
7.2095238095238106,-10.398418442001367,6.462009158800712,15.02273226684414
7.21904761904762,-10.37828261434529,6.4457000410427,15.044766667345167
7.2285714285714295,-10.355983912005826,6.428708484638531,15.069032845502905
7.238095238095239,-10.331483237299993,6.411021622488162,15.095537040603212
7.2476190476190485,-10.304744791223316,6.392627397069835,15.124278229252731
7.257142857142858,-10.275736251773608,6.373514612637409,15.155247982416158
7.2666666666666675,-10.244428942629717,6.3536729870676645,15.188430366051966
7.276190476190477,-10.210798038083851,6.333093221946309,15.223801859615802
7.2857142857142865,-10.174822752167525,6.311767069936306,15.261331323712227
7.295238095238096,-10.136486548026523,6.2896874140595544,15.300979996765532
7.3047619047619055,-10.095777352062727,6.266848352802333,15.342701531173482
7.314285714285715,-10.052687773299246,6.243245291027692,15.386442067734832
7.323809523809524,-10.007215327469046,6.218875036624702,15.432140349596791
7.333333333333334,-9.959362665235227,6.193735902179583,15.47972787334166
7.342857142857143,-9.909137799094863,6.167827810283762,15.529129084886145
7.352380952380953,-9.856554330647052,6.141152401873929,15.580261611485572
7.361904761904762,-9.801631675006007,6.113713146685867,15.633036533420128
7.371428571428572,-9.744395281401996,6.085515454907518,15.687358692202604
7.380952380952381,-9.684876839990588,6.056566786731289,15.743127043875795
7.390476190476191,-9.623114484976146,6.026876761838198,15.800235039253716
7.4,-9.559152978882175,5.996457264080085,15.858571045668956
7.40952380952381,-9.49304389366919,5.96532254511671,15.918018786054809
7.419047619047619,-9.42484574402054,5.933489313441734,15.978459192437345
7.428571428571429,-9.354624133132818,5.900976825298497,16.039778233479527
7.438095238095239,-9.282451849232277,5.867806959655674,16.101837513894115
7.447619047619049,-9.208408953660367,5.8340042877494165,16.164507285458257
7.457142857142858,-9.132582805685109,5.799596120044219,16.227655825780925
7.466666666666668,-9.055068128247663,5.764612562212189,16.291149971247545
7.476190476190477,-8.975966926109923,5.729086521671288,16.354855771634167
7.485714285714287,-8.895388469846294,5.69305372946325,16.418639046399594
7.495238095238096,-8.813449193105974,5.656552730363391,16.482365989401877
7.504761904761906,-8.730272552004323,5.6196248555865855,16.54590376568224
7.514285714285715,-8.64598885139919,5.582314179311675,16.6091210908684
7.523809523809525,-8.560735022208542,5.544667453749188,16.67188880216883
7.533333333333334,-8.474654369411168,5.506734028785185,16.734080398680863
7.542857142857144,-8.387896247205031,5.4685657421008305,16.79557258316675
7.552380952380953,-8.300615715264993,5.4302167969280095,16.856245754570477
7.561904761904763,-8.212973145459664,5.391743617667278,16.915984474330156
7.571428571428572,-8.125133791878556,5.353204687857132,16.974677893971762
7.5809523809523816,-8.037267290669192,5.314660359876109,17.032220169517924
7.590476190476191,-7.949547143902225,5.276172652105984,17.088510801331527
7.6000000000000005,-7.862150143649202,5.237805025313616,17.14345497536089
7.60952380952381,-7.775256045683208,5.19962220881753,17.19696344298544
7.6190476190476195,-7.689046448940172,5.161689836815023,17.248953473003457
7.628571428571429,-7.603704538804252,5.124074269378376,17.299348391581585
7.6380952380952385,-7.519414177302958,5.0868422586285975,17.348077995813775
7.647619047619048,-7.436359575553293,5.05006076903524,17.395078226513526
7.6571428571428575,-7.35472403201217,5.013796524458721,17.440291712000985
7.666666666666667,-7.274689586964892,4.97811581814305,17.483667326754425
7.6761904761904765,-7.196436131397937,4.943084163273679,17.52516023789499
7.685714285714287,-7.120140705033326,4.908765998678326,17.564731719069794
7.695238095238096,-7.045976725385427,4.875224374055459,17.60234898303713
7.704761904761906,-6.974113228423114,4.842520639282213,17.637984963742266
7.714285714285715,-6.904714125811156,4.810714140961819,17.671618058982812
7.723809523809525,-6.837937464204159,4.779861921790506,17.70323184877816
7.733333333333334,-6.773934713437561,4.750018432483863,17.732814782450575
7.742857142857144,-6.712850041168717,4.72123524221183,17.760359864442155
7.752380952380953,-6.6548196380794495,4.693560769999964,17.785864312675685
7.761904761904763,-6.599971059872045,4.667040025991099,17.809329215888727
7.771428571428572,-6.548422602262321,4.641714368518816,17.830759189441885
7.780952380952382,-6.5002826911041245,4.617621271133224,17.850162045456866
7.790476190476191,-6.45565054991928,4.594794584694627,17.86754826150218
7.8,-6.414611541981079,4.573262783299743,17.882931646820676
7.80952380952381,-6.37724029733803,4.5530501043718505,17.89632776114605
7.81904761904762,-6.3436019361449265,4.534177149114823,17.907754354827556
7.828571428571429,-6.313747136780718,4.516658787524668,17.917230167395072
7.838095238095239,-6.287715278550948,4.500505695778042,17.92478613158954
7.847619047619048,-6.265532249969388,4.485723334294295,17.930436712666648
7.857142857142858,-6.247210149024503,4.47231197358936,17.934205055945075
7.866666666666667,-6.232749637014672,4.4602674214948586,17.93611549855255
7.876190476190477,-6.222133399958814,4.449579054549765,17.93619708835856
7.885714285714286,-6.215337970903678,4.440233519954382,17.934475095577103
7.895238095238096,-6.212320579139551,4.432210687311245,17.930980368713676
7.904761904761905,-6.213024307936326,4.425485269732033,17.92574561102427
7.914285714285715,-6.217387285506292,4.420029874223433,17.91880030626136
7.923809523809524,-6.225332103933998,4.415811670302112,17.910177634500076
7.9333333333333345,-6.2367581478446645,4.412789936208124,17.899918998788294
7.942857142857144,-6.2515588675107185,4.410921726139869,17.88806435849483
7.952380952380953,-6.269615551497135,4.410159943015242,17.874656552293715
7.961904761904763,-6.290796242830688,4.410453060219429,17.859742389228213
7.971428571428572,-6.314957819900088,4.411745882863933,17.84337212890301
7.980952380952382,-6.341945974948698,4.413979624211605,17.825600122176347
7.990476190476191,-6.37159570756851,4.417092152150188,17.806485201322136
8.0,-6.4037319810513305,4.421018289071339,17.786090996930945
8.00952380952381,-6.438170755281366,4.425690231076878,17.764486048688937
8.019047619047619,-6.474718929351698,4.431037617281604,17.741744513480345
8.028571428571428,-6.51317537841542,4.4369879491295245,17.717946258516967
8.038095238095238,-6.553331753018243,4.443466929754871,17.693177056535028
8.04761904761905,-6.594973548363642,4.450398882214031,17.66752858299558
8.057142857142859,-6.637880215255892,4.457706865465843,17.64109892964883
8.066666666666668,-6.681826552506775,4.4653131846904826,17.61399231882987
8.076190476190478,-6.726583383221524,4.473139671095751,17.586319169877587
8.085714285714287,-6.771918459498274,4.48110802391961,17.55819595546838
8.095238095238097,-6.81759728963718,4.4891401216396725,17.529745032583634
8.104761904761906,-6.863384036651011,4.497158346866514,17.501094349066996
8.114285714285716,-6.909042417600667,4.505085897613491,17.472377048539485
8.123809523809525,-6.954336580062,4.512847084051021,17.44373100740208
8.133333333333335,-6.999032082071457,4.520367646331599,17.41529821692415
8.142857142857144,-7.042896513132727,4.527574942728423,17.387224260603848
8.152380952380954,-7.0857000689238845,4.534398114161634,17.35965773967705
8.161904761904763,-7.127217341466423,4.540768632487783,17.332748937165437
8.171428571428573,-7.167227295206151,4.546620243044,17.306649376456587
8.180952380952382,-7.205514356086438,4.551889261443097,17.281510702650532
8.190476190476192,-7.24186901131701,4.556514700868914,17.257483759762323
8.2,-7.276088840332445,4.560438526878872,17.234717355854514
8.20952380952381,-7.307977988441748,4.563605411852128,17.21335788514871
8.21904761904762,-7.337350049815643,4.5659635553070075,17.193546907197785
8.22857142857143,-7.364026689911654,4.567464156284509,17.17542119292677
8.238095238095239,-7.3878396081971385,4.568061928832821,17.159119215203045
8.247619047619049,-7.408629450155682,4.567714663553891,17.144756722442548
8.257142857142858,-7.426248459829032,4.566383946915219,17.132446809565764
8.266666666666667,-7.440559527899914,4.564034762586911,17.122294072503905
8.276190476190477,-7.451437215935572,4.560635705978744,17.11439240095267
8.285714285714286,-7.458768068522902,4.556158981519969,17.10882413756427
8.295238095238096,-7.462451123462066,4.550580465179997,17.10565918149356
8.304761904761905,-7.462398342885789,4.543879748408171,17.10495421758056
8.314285714285715,-7.458535017629913,4.536040181371633,17.10675205034301
8.323809523809524,-7.450800157141751,4.527048920326331,17.111081046179443
8.333333333333334,-7.439146853998308,4.516896977201734,17.11795469790319
8.342857142857143,-7.4235426403552225,4.505579277131079,17.127371311266582
8.352380952380953,-7.403969806755355,4.493094716297057,17.139313833060143
8.361904761904762,-7.380425703898065,4.479446226449798,17.153749813481177
8.371428571428572,-7.352923020939844,4.464640844484958,17.17063150688476
8.380952380952381,-7.321490023224186,4.448689781713665,17.189896123351367
8.39047619047619,-7.286170766221657,4.431608497903978,17.211466212314992
8.4,-7.24702526037024,4.413416771589485,17.235250193254373
8.40952380952381,-7.204129626520752,4.394138777984119,17.261142995543604
8.41904761904762,-7.157576122517154,4.373803137273688,17.28902688313886
8.428571428571429,-7.107473204941688,4.352442981685131,17.318772333005512
8.438095238095238,-7.053945466078693,4.330095991533926,17.350239068566403
8.447619047619048,-6.997133557114112,4.306804432099051,17.383277154290287
8.457142857142857,-6.937193924760413,4.2826151379424,17.417728248991455
8.466666666666667,-6.8742987145608385,4.257579548331501,17.453426770366647
8.476190476190476,-6.808635208525118,4.231753603419158,17.49020135918307
8.485714285714286,-6.740405516833404,4.205197713925671,17.52787616045254
8.495238095238095,-6.669826012915068,4.177976650461607,17.566272231127993
8.504761904761905,-6.597126676337625,4.150159399881311,17.605208946929046
8.514285714285714,-6.522550363387593,4.12181899311962,17.644505378615158
8.523809523809524,-6.446351952240142,4.093032287439631,17.683981651654808
8.533333333333335,-6.368797432584897,4.063879722800804,17.72346023211584
8.542857142857144,-6.290162790746724,4.034445007249402,17.76276720771895
8.552380952380954,-6.210732880026163,4.0048147871172,17.801733441908826
8.561904761904763,-6.130800171172046,3.975078270511555,17.840195650532525
8.571428571428573,-6.050842833769723,3.94537877157258,17.87784274334192
8.580952380952382,-5.970986535186704,3.9157591619492336,17.914716679691175
8.590476190476192,-5.891470226515755,3.886292953499192,17.950708221163712
8.6,-5.812681651901561,3.857097808011014,17.985614929481887
8.609523809523811,-5.734885324461832,3.828255606316924,18.019335849429133
8.61904761904762,-5.658425150785874,3.7998719473054163,18.051741549333528
8.62857142857143,-5.583588559987629,3.7720355802581116,18.082741988821954
8.63809523809524,-5.510691355671516,3.744843604886918,18.112237228177957
8.647619047619049,-5.439991855113536,3.7183758725773517,18.140156638062333
8.657142857142858,-5.371799181584177,3.6927270719239864,18.1664174856882
8.666666666666668,-5.306373425173097,3.6679770117592296,18.190963354809075
8.676190476190477,-5.243985701850974,3.6442083414990325,18.2137378304136
8.685714285714287,-5.184883387012285,3.621496183185082,18.23469773344946
8.695238095238096,-5.129296915430435,3.5999100679990708,18.25380934180548
8.704761904761906,-5.077443987485577,3.579515139130541,18.271045022367378
8.714285714285715,-5.029521179754206,3.560369587449712,18.286386134984852
8.723809523809525,-4.985706429454426,3.5425253524984526,18.299820591812388
8.733333333333334,-4.946156464552744,3.526027320905991,18.31134295166869
8.742857142857144,-4.9110059422170975,3.5109130469177345,18.32095376557816
8.752380952380953,-4.880366994923283,3.4972126053191355,18.328658849643926
8.761904761904763,-4.85432793108829,3.4849482041568476,18.334469054547363
8.771428571428572,-4.832952577926013,3.47413400152049,18.338399865570246
8.780952380952382,-4.816279698794734,3.4647759578214044,18.340471104997413
8.790476190476191,-4.804322581464394,3.456871750768627,18.340706710707604
8.8,-4.797068776499159,3.4504107480857416,18.339134599349535
8.80952380952381,-4.794479975879725,3.445374032848279,18.33578662842784
8.81904761904762,-4.796492105029094,3.4417345062882827,18.33069861482152
8.82857142857143,-4.803015523113256,3.4394570305196916,18.323910469022916
8.838095238095239,-4.813935426244276,3.438498643325833,18.315466382497345
8.847619047619048,-4.829112360274028,3.43880881299464,18.305415107667937
8.857142857142858,-4.848383017452616,3.4403297867530505,18.293810238031725
8.866666666666667,-4.871560897808589,3.442996901487384,18.28071065921003
8.876190476190477,-4.8984375697567515,3.4467390821212667,18.26618082985355
8.885714285714286,-4.928783662576515,3.451479258466563,18.250291253516654
8.895238095238096,-4.962350182749879,3.4571348815762337,18.23311885982526
8.904761904761905,-4.998869952137776,3.463618475116064,18.21474736182556
8.914285714285715,-5.038059124057207,3.470838206881462,18.195267584378982
8.923809523809524,-5.079618834469139,3.478698495786808,18.174777715706316
8.933333333333334,-5.123236881447237,3.4871006205722463,18.15338350460999
8.942857142857143,-5.168589627619622,3.495943385906976,18.13119829815694
8.952380952380953,-5.215343855297387,3.5051237637671315,18.108343014041647
8.961904761904762,-5.263158709272806,3.5145375485292902,18.084945971427537
8.971428571428572,-5.311675105943376,3.5240763924134813,18.061148091278472
8.980952380952381,-5.360554431077989,3.5336390422797086,18.037086442575536
8.99047619047619,-5.409459509078908,3.5431258128899707,18.012902663904644
9.0,-5.4580259354081555,3.552430473425239,17.9887558395348
9.00952380952381,-5.505905190601989,3.5614525969366317,17.96480350151973
9.019047619047619,-5.552752761348351,3.570094217260886,17.94121003214172
9.02857142857143,-5.598230727014866,3.5782604778958427,17.91813866110939
9.03809523809524,-5.642010136466149,3.5858603139498286,17.895749600113902
9.04761904761905,-5.6837712218882706,3.5928064125495167,17.874206266379293
9.057142857142859,-5.7232074100612795,3.5990163379783766,17.8536694214051
9.066666666666668,-5.760025519076242,3.604412460321989,17.834296248734866
9.076190476190478,-5.7939479828599945,3.6089224995054088,17.816238481692867
9.085714285714287,-5.824714217472451,3.612479796577095,17.799640849814104
9.095238095238097,-5.852082156073367,3.6150236282322146,17.784639420658696
9.104761904761906,-5.875829636941534,3.6164994704836637,17.771360001116065
9.114285714285716,-5.895755654679496,3.616859219953051,17.759916621556663
9.123809523809525,-5.91168152848996,3.61606138961947,17.75041010394472
9.133333333333335,-5.923451928665498,3.6140712667953663,17.742926765878128
9.142857142857144,-5.930935861342015,3.610861060931358,17.737537238872356
9.152380952380954,-5.934027466719564,3.6064100071679266,17.734295488471293
9.161904761904763,-5.932646726254266,3.6007044525230993,17.733238011170613
9.171428571428573,-5.926740050366228,3.593737919655362,17.73438323635139
9.180952380952382,-5.916280746909501,3.585511147815128,17.737731147085782
9.190476190476192,-5.901269349964334,3.5760321104964863,17.74326313369009
9.200000000000001,-5.8817338198994005,3.5653160099493144,17.75094208169747
9.20952380952381,-5.85772964746953,3.5533852621474638,17.760712673106017
9.21904761904762,-5.82933972259727,3.5402694253852665,17.772501971450193
9.22857142857143,-5.7966741627466325,3.5260051382115822,17.786220172830923
9.238095238095239,-5.759869916208191,3.510636003555883,17.80176160995547
9.247619047619049,-5.719090293699612,3.4942124671828227,17.81900590948367
9.257142857142858,-5.674524146700267,3.4767916044396787,17.83781942130507
9.266666666666667,-5.626385321125798,3.4584369986064907,17.858056586176325
9.276190476190477,-5.57491126351964,3.4392183796898914,17.879561762253246
9.285714285714286,-5.5203620779267855,3.4192114013394246,17.90217084830914
9.295238095238096,-5.4630191256852,3.3984972878402955,17.925713116754427
9.304761904761905,-5.403183464855647,3.3771624364100514,17.950013079071304
9.314285714285715,-5.341174178535642,3.355297986263174,17.974892332155022
9.323809523809524,-5.277326498336947,3.332999325790672,18.000171400349167
9.333333333333334,-5.211989863337221,3.310365575724815,18.025671483815557
9.342857142857143,-5.145525635458041,3.2874989687288365,18.05121621217259
9.352380952380953,-5.078304837170976,3.264504224888899,18.0766332285842
9.361904761904762,-5.010705680661219,3.2414878633029467,18.10175566911359
9.371428571428572,-4.943111142326141,3.2185575298675446,18.126423385587238
9.380952380952381,-4.875906137961967,3.195821160204389,18.150484293611985
9.39047619047619,-4.8094752083234455,3.1733863457970495,18.173795059800824
9.4,-4.74419887915019,3.1513592385383906,18.19622243328021
9.40952380952381,-4.680452804208422,3.1298443373040095,18.21764580916251
9.41904761904762,-4.618602085559276,3.108942778111494,18.237953060776377
9.428571428571429,-4.55900104988022,3.0887522897767203,18.25704010050189
9.438095238095238,-4.501988548971821,3.069365797838869,18.274817230994977
9.447619047619048,-4.447888075769071,3.050871445941613,18.291205165034317
9.457142857142857,-4.39700162460516,3.0333507965835023,18.306136422236232
9.466666666666667,-4.349609754533961,3.016878840787486,18.319553982128177
9.476190476190476,-4.305968387271791,3.001523063876109,18.331411328007185
9.485714285714286,-4.266306985131605,2.9873429173242365,18.34167191546755
9.495238095238095,-4.230826517461794,2.974389238543918,18.350308769276204
9.504761904761905,-4.199697734039644,2.962703769953756,18.35730402224323
9.514285714285716,-4.173059694060759,2.952318760949888,18.362648452810085
9.523809523809526,-4.151018522797111,2.943256647669415,18.36634105364177
9.533333333333335,-4.133646437923647,2.9355298202432927,18.368388641506098
9.542857142857144,-4.120981019150323,2.92914047543617,18.368805528351285
9.552380952380954,-4.113024795557054,2.9240805687302713,18.367613249634864
9.561904761904763,-4.109745096360992,2.920331854019092,18.364840371829064
9.571428571428573,-4.11106853452134,2.9178642559133263,18.360524590366172
9.580952380952382,-4.116895107891355,2.9166404458850055,18.35470718422898
9.590476190476192,-4.127093806707428,2.9166143392444663,18.347435389113457
9.6,-4.141494699945499,2.917728858650935,18.338765742331777
9.609523809523811,-4.159899345834808,2.9199192408253762,18.328760655196202
9.61904761904762,-4.182072503819969,2.9231106268517912,18.317492219315376
9.62857142857143,-4.207756172199053,2.927222394001915,18.30503778720766
9.63809523809524,-4.23666429416327,2.932166683089846,18.29148282816729
9.647619047619049,-4.268487528370804,2.937849827477507,18.276920090661687
9.657142857142858,-4.302894552981937,2.944172878894544,18.26145002403199
9.666666666666668,-4.3395351021714275,2.951032559047042,18.24518055926818
9.676190476190477,-4.378042741884524,2.958322137038078,18.22822693053144
9.685714285714287,-4.418037707393521,2.965932313522853,18.21071139632098
9.695238095238096,-4.45912994272792,2.973752143251785,18.19276278442057
9.704761904761906,-4.50092217354706,2.9816699494952434,18.174515900678948
9.714285714285715,-4.543013155475912,2.9895742787690565,18.156110735962873
9.723809523809525,-4.585000802713939,2.9973547685852058,18.137691553574797
9.733333333333334,-4.626484886978712,3.0049028846994914,18.119405977404124
9.742857142857144,-4.667070806586001,3.01211299826005,18.101403548413177
9.752380952380953,-4.706372936969127,3.0188832547790097,18.083834246059162
9.761904761904763,-4.744017087806022,3.02511616676839,18.066847193928574
9.771428571428572,-4.779642859613505,3.0307191783922676,18.05058927668349
9.780952380952382,-4.812909233266158,3.0356061765631885,18.03520244820103
9.790476190476191,-4.843489420378619,3.039695818603397,18.020824918994553
9.8,-4.871086094164113,3.0429158029941403,18.007586929587717
9.80952380952381,-4.8954216184143835,3.0451998652761167,17.995609541953748
9.81904761904762,-4.916248765507777,3.0464906722323084,17.984998570901915
9.82857142857143,-4.933347058050939,3.04673862194402,17.975850780764066
